video_id,url,title,teaching_candidate,raw_text
"7659991105622862457","https://www.douyin.com/video/7659991105622862457","3.1万 重杀框架 可以和期一起看，不同的框架可以决定不同的杀球#羽毛球 #羽毛球教学 #羽毛球训练 #刘辉羽毛球","yes","共创 3.1万 重杀框架 可以和期一起看，不同的框架可以决定不同的杀球#羽毛球 #羽毛球教学 #羽毛球训练 #刘辉羽毛球"
"7659348110628345210","https://www.douyin.com/video/7659348110628345210","杀球瞄准 杀球瞄准 卢迦彧的杀球不是那种很重的，所以落点上就尤为重要，比赛中非常容易被防守反击!中间涉及到了张指导的肖像权，已经经过了前辈本人的同意!#羽毛球#羽毛球教学#刘辉羽毛球","yes","2.5万 杀球瞄准 杀球瞄准 卢迦彧的杀球不是那种很重的，所以落点上就尤为重要，比赛中非常容易被防守反击!中间涉及到了张指导的肖像权，已经经过了前辈本人的同意!#羽毛球#羽毛球教学#刘辉羽毛球"
"7658231159860261361","https://www.douyin.com/video/7658231159860261361","架拍的选择 在两个极端架拍的中间位置，就是最普通的架拍！没有绝对的对错，符合场景，符合自己的情况就是对！ #羽毛球#刘辉羽毛球#羽毛球教学 #羽毛球训练","yes","1.6万 架拍的选择 在两个极端架拍的中间位置，就是最普通的架拍！没有绝对的对错，符合场景，符合自己的情况就是对！ #羽毛球#刘辉羽毛球#羽毛球教学 #羽毛球训练"
"7656927370758796145","https://www.douyin.com/video/7656927370758796145","双打抓回头 紫电青霜不要去掉低胶，如果一定要去掉低胶，或者已经去掉底胶，就要考虑结合自己的能力，也要换掉拍头的连钉，普通的线孔就在盒子里赠送了的#刘辉羽毛球 #羽毛球教学 #羽毛球 #华羽","yes","2.3万 双打抓回头 紫电青霜不要去掉低胶，如果一定要去掉低胶，或者已经去掉底胶，就要考虑结合自己的能力，也要换掉拍头的连钉，普通的线孔就在盒子里赠送了的#刘辉羽毛球 #羽毛球教学 #羽毛球 #华羽"
"7656560952972884730","https://www.douyin.com/video/7656560952972884730","一句话概括发力 其实所有的发力都逃不过这句话，击球前胳膊带着拍子，击球后拍头戴着胳膊，业余球友也不要使用高难度框架，没有足够的能力和配套，价值不高#羽毛球 #刘辉羽毛球 #羽毛球教学 #羽毛球训练","yes","2.1万 一句话概括发力 其实所有的发力都逃不过这句话，击球前胳膊带着拍子，击球后拍头戴着胳膊，业余球友也不要使用高难度框架，没有足够的能力和配套，价值不高#羽毛球 #刘辉羽毛球 #羽毛球教学 #羽毛球训练"
"7655269569069649192","https://www.douyin.com/video/7655269569069649192","紫电青霜不是网红拍 #华羽 #紫电青霜","no","8225 紫电青霜不是网红拍 #华羽 #紫电青霜"
"7652440366436945017","https://www.douyin.com/video/7652440366436945017","高速对抗步法 @与星星相拥 小姐姐是两省冠军🏆，这种情况属于高速对抗状态下，就是球都比较平，没有侧身的时间和意义#羽毛球 #刘辉羽毛球 #羽毛球教学 #羽毛球训练","yes","4.5万 高速对抗步法 @与星星相拥 小姐姐是两省冠军🏆，这种情况属于高速对抗状态下，就是球都比较平，没有侧身的时间和意义#羽毛球 #刘辉羽毛球 #羽毛球教学 #羽毛球训练"
"7651326104436122225","https://www.douyin.com/video/7651326104436122225","紫电青霜 如果您不了解华羽，这把球拍会告诉您！6月20日，晚上7点羽您相见！正式首发#羽毛球 #刘辉羽毛球 #华羽 #华羽紫电青霜","no","8684 紫电青霜 如果您不了解华羽，这把球拍会告诉您！6月20日，晚上7点羽您相见！正式首发#羽毛球 #刘辉羽毛球 #华羽 #华羽紫电青霜"
"7650602010613537265","https://www.douyin.com/video/7650602010613537265","重心转换 每个人的差异和场景的不同经过灵活应用#羽毛球 #刘辉羽毛球 #羽毛球教学 #羽毛球训练","yes","3.6万 重心转换 每个人的差异和场景的不同经过灵活应用#羽毛球 #刘辉羽毛球 #羽毛球教学 #羽毛球训练"
"7649864572916217073","https://www.douyin.com/video/7649864572916217073","华羽 从我到我们，感谢志同道合的同事们，感谢一直默默支持我们的朋友们，华羽因为你们而精彩#刘辉羽毛球 #羽毛球 #华羽","no","3.0万 华羽 从我到我们，感谢志同道合的同事们，感谢一直默默支持我们的朋友们，华羽因为你们而精彩#刘辉羽毛球 #羽毛球 #华羽"
"7649859454980141553","https://www.douyin.com/video/7649859454980141553","华羽奖励新王刘亮 #羽毛球#林丹杯羽毛球公开赛 #刘辉羽毛球","no","4.0万 华羽奖励新王刘亮 #羽毛球#林丹杯羽毛球公开赛 #刘辉羽毛球"
"7649136345055662257","https://www.douyin.com/video/7649136345055662257","紫电青霜 四个人用的都是紫电青霜，大家可以从进攻的力度，挥速，防守，甚至耐撞去感受这是一把多么全面的球拍！我真的很为这把拍子骄傲，6月20号晚7点紫电青霜，羽你相见#羽毛球 #刘辉羽毛球 #华羽","no","2.4万 紫电青霜 四个人用的都是紫电青霜，大家可以从进攻的力度，挥速，防守，甚至耐撞去感受这是一把多么全面的球拍！我真的很为这把拍子骄傲，6月20号晚7点紫电青霜，羽你相见#羽毛球 #刘辉羽毛球 #华羽"
"7647839024535507897","https://www.douyin.com/video/7647839024535507897","7.8万 高手进阶 正反手都是一样的道理，王柏钦是个非常有天赋的人，很少见#羽毛球#刘辉羽毛球#华羽#羽毛球教学","yes","共创 7.8万 高手进阶 正反手都是一样的道理，王柏钦是个非常有天赋的人，很少见#羽毛球#刘辉羽毛球#华羽#羽毛球教学"
"7643719807951615482","https://www.douyin.com/video/7643719807951615482","回动步法合理性 每个人的合理也不一样，有的人腿的力量强，并步能并很远，所以还要结合自己的情况#羽毛球 #刘辉羽毛球 #羽毛球教学 #羽毛球训练","yes","2.1万 回动步法合理性 每个人的合理也不一样，有的人腿的力量强，并步能并很远，所以还要结合自己的情况#羽毛球 #刘辉羽毛球 #羽毛球教学 #羽毛球训练"
"7642648621985030138","https://www.douyin.com/video/7642648621985030138","跑动节奏 步法到早到晚都会让动作的节奏脱节，这个是可以加入主观意识去匹配速度的#羽毛球 #羽毛球教学 #羽毛球训练 #刘辉羽毛球","yes","4.6万 跑动节奏 步法到早到晚都会让动作的节奏脱节，这个是可以加入主观意识去匹配速度的#羽毛球 #羽毛球教学 #羽毛球训练 #刘辉羽毛球"
"7641533740292048049","https://www.douyin.com/video/7641533740292048049","全体系发力应用 没有真正的对错，只有合适才是对的#羽毛球#刘辉羽毛球#羽毛球教学#羽毛球","yes","2.8万 全体系发力应用 没有真正的对错，只有合适才是对的#羽毛球#刘辉羽毛球#羽毛球教学#羽毛球"
"7639306481355832689","https://www.douyin.com/video/7639306481355832689","接发准备 每个人都要清楚做动作的目的性，不能盲目学习#羽毛球 #刘辉羽毛球 #羽毛球教学 #羽毛球训练","yes","7.3万 接发准备 每个人都要清楚做动作的目的性，不能盲目学习#羽毛球 #刘辉羽毛球 #羽毛球教学 #羽毛球训练"
"7636985243803146331","https://www.douyin.com/video/7636985243803146331","混双组合技 超实用的混双组合技带给大家#羽毛球 #刘辉羽毛球 #华羽","no","2.8万 混双组合技 超实用的混双组合技带给大家#羽毛球 #刘辉羽毛球 #华羽"
"7634998306204492794","https://www.douyin.com/video/7634998306204492794","双打更被动的防守处理 #羽毛球 #刘辉羽毛球 #羽毛球教学 #羽毛球训练","yes","3.7万 双打更被动的防守处理 #羽毛球 #刘辉羽毛球 #羽毛球教学 #羽毛球训练"
"7634016952800880570","https://www.douyin.com/video/7634016952800880570","起跳进阶 有的时候努力得不到回报，有可能是方向选择错了#羽毛球 #刘辉羽毛球 #羽毛球训练 #羽毛球教学","yes","2.3万 起跳进阶 有的时候努力得不到回报，有可能是方向选择错了#羽毛球 #刘辉羽毛球 #羽毛球训练 #羽毛球教学"
"7631290187235164026","https://www.douyin.com/video/7631290187235164026","发力其他细节 有些动作大家做不出来，还是不够夸张，夸张才能学的会，因为自己做动作是会打折扣的#刘辉羽毛球 #羽毛球 #羽毛球教学#羽毛球训练 #dou来挥拍","yes","3.8万 发力其他细节 有些动作大家做不出来，还是不够夸张，夸张才能学的会，因为自己做动作是会打折扣的#刘辉羽毛球 #羽毛球 #羽毛球教学#羽毛球训练 #dou来挥拍"
"7630800123594285305","https://www.douyin.com/video/7630800123594285305","减少失误 一个球总失误，除了动作不熟练，还有可能是人的节奏和球速不匹配，因为节奏陌生而产生的失误#羽毛球 #刘辉羽毛球 #羽毛球教学 #羽毛球训练","yes","1.7万 减少失误 一个球总失误，除了动作不熟练，还有可能是人的节奏和球速不匹配，因为节奏陌生而产生的失误#羽毛球 #刘辉羽毛球 #羽毛球教学 #羽毛球训练"
"7628342769941691121","https://www.douyin.com/video/7628342769941691121","放松架拍 没有说对错，是很多人还不会自然传动力量就开始锁定身体，锁住力量是为了让会发力的人爆发力最大化，不会发力的只会更僵硬#羽毛球 #刘辉羽毛球 #羽毛球教学 #羽毛球训练","yes","2.4万 放松架拍 没有说对错，是很多人还不会自然传动力量就开始锁定身体，锁住力量是为了让会发力的人爆发力最大化，不会发力的只会更僵硬#羽毛球 #刘辉羽毛球 #羽毛球教学 #羽毛球训练"
"7627338837022917809","https://www.douyin.com/video/7627338837022917809","2.2万 萌辉组合 混双怎么比单打还累？还好我的女搭档足够强#刘辉羽毛球 #羽毛球","yes","共创 2.2万 萌辉组合 混双怎么比单打还累？还好我的女搭档足够强#刘辉羽毛球 #羽毛球"
"7626127268884067249","https://www.douyin.com/video/7626127268884067249","保姆级反手发球教学 首先就是这三位都是年训学员，天天在一起关系比较好，所以说话自由一点，大家不要喷我！再一个就是时长比较长，啰嗦，但是每次教学大家都说是演员，所以我发一个相对完整的给大家看看，平时都是发精剪的，但是这种长的你们不喜欢看！","yes","2.4万 保姆级反手发球教学 首先就是这三位都是年训学员，天天在一起关系比较好，所以说话自由一点，大家不要喷我！再一个就是时长比较长，啰嗦，但是每次教学大家都说是演员，所以我发一个相对完整的给大家看看，平时都是发精剪的，但是这种长的你们不喜欢看！"
"7622167629645727717","https://www.douyin.com/video/7622167629645727717","多体系应用 标准的普通体系就是力量由下向上自然传递，没有哪个环节着重发力#羽毛球 #羽毛球教学 #刘辉羽毛球 #羽毛球训练","yes","1.3万 多体系应用 标准的普通体系就是力量由下向上自然传递，没有哪个环节着重发力#羽毛球 #羽毛球教学 #刘辉羽毛球 #羽毛球训练"
"7621243051541587889","https://www.douyin.com/video/7621243051541587889","双打防守思路 你总会遇到你挑不起来的进攻#羽毛球 #刘辉羽毛球 #羽毛球教学 #羽毛球训练","yes","1.4万 双打防守思路 你总会遇到你挑不起来的进攻#羽毛球 #刘辉羽毛球 #羽毛球教学 #羽毛球训练"
"7619576226616745445","https://www.douyin.com/video/7619576226616745445","双打进攻思路 抛砖引玉，场景太多，整体就是要根据自己和队友的位置去考虑#羽毛球 #刘辉羽毛球 #羽毛球教学 #羽毛球双打","yes","4.0万 双打进攻思路 抛砖引玉，场景太多，整体就是要根据自己和队友的位置去考虑#羽毛球 #刘辉羽毛球 #羽毛球教学 #羽毛球双打"
"7618301799796222833","https://www.douyin.com/video/7618301799796222833","加速的代价 其实高级同水平对抗是不会轻易加速的，除非你们像我一样，是真的不想有任何多拍#羽毛球 #羽毛球教学 #刘辉羽毛球","yes","4.7万 加速的代价 其实高级同水平对抗是不会轻易加速的，除非你们像我一样，是真的不想有任何多拍#羽毛球 #羽毛球教学 #刘辉羽毛球"
"7616819993833503601","https://www.douyin.com/video/7616819993833503601","球速匹配 我觉得这样的方式比较直观，练步法的意义还是为了打球！别为了跑步法而跑步法#羽毛球 #羽毛球教学 #羽毛球训练 #刘辉羽毛球","yes","5.4万 球速匹配 我觉得这样的方式比较直观，练步法的意义还是为了打球！别为了跑步法而跑步法#羽毛球 #羽毛球教学 #羽毛球训练 #刘辉羽毛球"
"7615737190207725937","https://www.douyin.com/video/7615737190207725937","与蔡晓源单打 本来定的是打一局，21-19 18-21 弃！但是打蔡龙虎就是得拐他！！！#刘辉羽毛球 #羽毛球","yes","1.9万 与蔡晓源单打 本来定的是打一局，21-19 18-21 弃！但是打蔡龙虎就是得拐他！！！#刘辉羽毛球 #羽毛球"
"7614167503938610417","https://www.douyin.com/video/7614167503938610417","双打实战轮转 无论训练时有多么默契，实战中都会有配合失误，那实战看的就是两个人的容错够不够#刘辉羽毛球#羽毛球 #羽毛球教学 #羽毛球训练","yes","7.2万 双打实战轮转 无论训练时有多么默契，实战中都会有配合失误，那实战看的就是两个人的容错够不够#刘辉羽毛球#羽毛球 #羽毛球教学 #羽毛球训练"
"7612395467809424497","https://www.douyin.com/video/7612395467809424497","年后恢复 复工啦，先自己恢复恢复#刘辉羽毛球 #羽毛球","no","2.0万 年后恢复 复工啦，先自己恢复恢复#刘辉羽毛球 #羽毛球"
"7611635851789771721","https://www.douyin.com/video/7611635851789771721","体系认知 关注我的朋友，也是因为我讲的一个体系刚好在认知内，所以关注，如果我讲另一种情况，会不会就是不关注了？因为在认知外#羽毛球 #刘辉羽毛球 #羽毛球教学 #羽毛球训练","yes","1.5万 体系认知 关注我的朋友，也是因为我讲的一个体系刚好在认知内，所以关注，如果我讲另一种情况，会不会就是不关注了？因为在认知外#羽毛球 #刘辉羽毛球 #羽毛球教学 #羽毛球训练"
"7609429014616637050","https://www.douyin.com/video/7609429014616637050","4.8万 大臂妙用 国家队不代表技术没法升级，能力强形成闭环了，就掩盖技术问题了#羽毛球 #刘辉羽毛球 #羽毛球教学 #羽毛球训练","yes","共创 4.8万 大臂妙用 国家队不代表技术没法升级，能力强形成闭环了，就掩盖技术问题了#羽毛球 #刘辉羽毛球 #羽毛球教学 #羽毛球训练"
"7607852875611759802","https://www.douyin.com/video/7607852875611759802","3.8万 压迫位封网 祝大家新年快乐！大年初二也不要忘记研究羽毛球啊！#羽毛球 #刘辉羽毛球#羽毛球教学 #羽毛球训练","yes","共创 3.8万 压迫位封网 祝大家新年快乐！大年初二也不要忘记研究羽毛球啊！#羽毛球 #刘辉羽毛球#羽毛球教学 #羽毛球训练"
"7606412946096327978","https://www.douyin.com/video/7606412946096327978","22.7万 这期很长 刘辉教练干货很多 建议大家多看几遍 会很有收获#小叶老师羽毛球 #刘辉羽毛球 #羽毛球教学 #快杀","yes","共创 22.7万 这期很长 刘辉教练干货很多 建议大家多看几遍 会很有收获#小叶老师羽毛球 #刘辉羽毛球 #羽毛球教学 #快杀"
"7606560547489149691","https://www.douyin.com/video/7606560547489149691","3.1万 进阶起跳 #羽毛球#羽毛球教学 #羽毛球训练 #刘辉羽毛球","yes","共创 3.1万 进阶起跳 #羽毛球#羽毛球教学 #羽毛球训练 #刘辉羽毛球"
"7605147991963421971","https://www.douyin.com/video/7605147991963421971","华羽新品手胶将于2.11号晚上22点首发，带来的是极致的性价比与体验感，我还准备了很多惊喜和礼物，届时直播间见！#羽毛球 #手胶 #刘辉羽毛球 #华羽","no","6353 华羽新品手胶将于2.11号晚上22点首发，带来的是极致的性价比与体验感，我还准备了很多惊喜和礼物，届时直播间见！#羽毛球 #手胶 #刘辉羽毛球 #华羽"
"7603148927714908273","https://www.douyin.com/video/7603148927714908273","近网被动处理 正常打肯定解不掉，谁打谁知道！！#羽毛球 #刘辉羽毛球 #羽毛球教学 #羽毛球训练","yes","2.0万 近网被动处理 正常打肯定解不掉，谁打谁知道！！#羽毛球 #刘辉羽毛球 #羽毛球教学 #羽毛球训练"
"7602766054809333617","https://www.douyin.com/video/7602766054809333617","单打防守反击 #刘辉羽毛球 #羽毛球 #羽毛球教学 #羽毛球训练","yes","1.4万 单打防守反击 #刘辉羽毛球 #羽毛球 #羽毛球教学 #羽毛球训练"
"7600107130034047973","https://www.douyin.com/video/7600107130034047973","体系认知1 希望大家一定要看完，会非常有收获#羽毛球 #刘辉羽毛球 #羽毛球教学 #羽毛球训练","yes","4.7万 体系认知1 希望大家一定要看完，会非常有收获#羽毛球 #刘辉羽毛球 #羽毛球教学 #羽毛球训练"
"7598855095372185273","https://www.douyin.com/video/7598855095372185273","辅助手作用2 #羽毛球 #刘辉羽毛球 #羽毛球教学 #羽毛球训练","yes","4.8万 辅助手作用2 #羽毛球 #刘辉羽毛球 #羽毛球教学 #羽毛球训练"
"7597528312752490929","https://www.douyin.com/video/7597528312752490929","辅助手的作用（1） #刘辉羽毛球 #羽毛球 #羽毛球教学 #羽毛球训练","yes","2.6万 辅助手的作用（1） #刘辉羽毛球 #羽毛球 #羽毛球教学 #羽毛球训练"
"7596955153073478011","https://www.douyin.com/video/7596955153073478011","提拉进阶 建议和前面的切腰一起看！，这次终于是会了吧#刘辉羽毛球 #羽毛球 #羽毛球教学 #羽毛球训练","yes","3.4万 提拉进阶 建议和前面的切腰一起看！，这次终于是会了吧#刘辉羽毛球 #羽毛球 #羽毛球教学 #羽毛球训练"
"7595804581259641521","https://www.douyin.com/video/7595804581259641521","深夜高级教学 张旌懿平时使用的为快速框架，今天让他体验下力量框架，深夜教学穿着略显随意望海涵#刘辉羽毛球 #羽毛球教学 #羽毛球","yes","1.5万 深夜高级教学 张旌懿平时使用的为快速框架，今天让他体验下力量框架，深夜教学穿着略显随意望海涵#刘辉羽毛球 #羽毛球教学 #羽毛球"
"7593661008519810289","https://www.douyin.com/video/7593661008519810289","滑拍直线 阶梯式的学习好好！#羽毛球 #刘辉羽毛球 #羽毛球教学 #羽毛球训练","yes","2.9万 滑拍直线 阶梯式的学习好好！#羽毛球 #刘辉羽毛球 #羽毛球教学 #羽毛球训练"
"7592181557051310961","https://www.douyin.com/video/7592181557051310961","女生反手发力 身体代偿力量，手指手腕集中介入，身体要转的快补拍速#羽毛球 #刘辉羽毛球 #羽毛球教学 #羽毛球训练","yes","1.1万 女生反手发力 身体代偿力量，手指手腕集中介入，身体要转的快补拍速#羽毛球 #刘辉羽毛球 #羽毛球教学 #羽毛球训练"
"7591112983016940977","https://www.douyin.com/video/7591112983016940977","中低手位切腰 #刘辉羽毛球 #羽毛球 #羽毛球教学 #羽毛球训练","yes","6.7万 中低手位切腰 #刘辉羽毛球 #羽毛球 #羽毛球教学 #羽毛球训练"
"7589749293205363633","https://www.douyin.com/video/7589749293205363633","后场框架应用 如果基础好，可以推荐出快速框架，之前发过很多爆发力出框架的作品！但是顶肘动作小带来效率的同时，也会因为顶肘动作小而削弱摆臂的幅度而失去力量！如果没有的专业力量的的朋友推荐第二种，但是要注意是拍低肘不低！不然会导致错误顶肘成为错误动作！ 总结，快速框架优点是容易做速度快效率高！缺点不好发力 动态低架优点是，容错率高，省力！缺点是不好学习 普通的架拍，优点是都能兼顾，缺点是该来不及的还是来不及#刘辉羽毛球 #羽毛球 #羽毛球教学 #羽毛球训练","yes","6.1万 后场框架应用 如果基础好，可以推荐出快速框架，之前发过很多爆发力出框架的作品！但是顶肘动作小带来效率的同时，也会因为顶肘动作小而削弱摆臂的幅度而失去力量！如果没有的专业力量的的朋友推荐第二种，但是要注意是拍低肘不低！不然会导致错误顶肘成为错误动作！ 总结，快速框架优点是容易做速度快效率高！缺点不好发力 动态低架优点是，容错率高，省力！缺点是不好学习 普通的架拍，优点是都能兼顾，缺点是该来不及的还是来不及#刘辉羽毛球 #羽毛球 #羽毛球教学 #羽毛球训练"
"7589590613499595185","https://www.douyin.com/video/7589590613499595185","发小球进阶 大家总是关注球飞的贴不贴，贴当然重要，但是力量控制到过网能落也很重要#刘辉羽毛球 #羽毛球 #羽毛球教学 #羽毛球训练","yes","1.4万 发小球进阶 大家总是关注球飞的贴不贴，贴当然重要，但是力量控制到过网能落也很重要#刘辉羽毛球 #羽毛球 #羽毛球教学 #羽毛球训练"
"7588747058782683513","https://www.douyin.com/video/7588747058782683513","劈球进阶 转着劈，加更快更多的腰腹动作就成功啦，击球点要往后放#羽毛球 #刘辉羽毛球 #羽毛球教学 #羽毛球训练","yes","1.7万 劈球进阶 转着劈，加更快更多的腰腹动作就成功啦，击球点要往后放#羽毛球 #刘辉羽毛球 #羽毛球教学 #羽毛球训练"
"7588003889807756593","https://www.douyin.com/video/7588003889807756593","双打对抗 挺好玩的双打比赛，意外频出#羽毛球 #刘辉羽毛球 #华羽","yes","1.1万 双打对抗 挺好玩的双打比赛，意外频出#羽毛球 #刘辉羽毛球 #华羽"
"7587362379455778097","https://www.douyin.com/video/7587362379455778097","滑拍进阶 但是滑拍球快了落点会远，想近就需要抛物线更明显，会慢#刘辉羽毛球 #羽毛球 #羽毛球教学 #羽毛球训练 #华羽","yes","15.3万 滑拍进阶 但是滑拍球快了落点会远，想近就需要抛物线更明显，会慢#刘辉羽毛球 #羽毛球 #羽毛球教学 #羽毛球训练 #华羽"
"7586613438625959217","https://www.douyin.com/video/7586613438625959217","单打防守 主要在于省步子，和好衔接，当对方球速非常快的时候就只能这样接了#刘辉羽毛球 #羽毛球#羽毛球教学 #华羽","yes","3.3万 单打防守 主要在于省步子，和好衔接，当对方球速非常快的时候就只能这样接了#刘辉羽毛球 #羽毛球#羽毛球教学 #华羽"
"7585528594743495985","https://www.douyin.com/video/7585528594743495985","回馈兄弟们 请期待华羽兄弟杯！报名抖音联系天津队主教练@冠军默大爷 他是我培训班负责的主教练#羽毛球 #刘辉羽毛球 #华羽","no","1.2万 回馈兄弟们 请期待华羽兄弟杯！报名抖音联系天津队主教练@冠军默大爷 他是我培训班负责的主教练#羽毛球 #刘辉羽毛球 #华羽"
"7584027962087066937","https://www.douyin.com/video/7584027962087066937","感谢信 我的运营告诉我，我的关注人群87%是男性，这个号废了！卖不了东西！我和他说我的兄弟多！让他闭嘴了！兄弟姐妹们太给力了！没有兄弟们我刘辉啥也不是！我一定不忘初心，服务好兄弟们#羽毛球#刘辉羽毛球","no","1.2万 感谢信 我的运营告诉我，我的关注人群87%是男性，这个号废了！卖不了东西！我和他说我的兄弟多！让他闭嘴了！兄弟姐妹们太给力了！没有兄弟们我刘辉啥也不是！我一定不忘初心，服务好兄弟们#羽毛球#刘辉羽毛球"
"7583427483287326001","https://www.douyin.com/video/7583427483287326001","华羽 新拍晚上直播间晚上9点首发，包括赠送的新网课也是首发，我还准备了很多惊喜和礼物，晚上九点见！#羽毛球 #刘辉羽毛球","no","1.8万 华羽 新拍晚上直播间晚上9点首发，包括赠送的新网课也是首发，我还准备了很多惊喜和礼物，晚上九点见！#羽毛球 #刘辉羽毛球"
"7582017752145136945","https://www.douyin.com/video/7582017752145136945","4.6万 升框架 童子功因为小时候没劲儿，训练量大了，通过本能就可以做出这样的升框架发力，职业选手在半场活动和拉吊中出现的比例更是高的惊人，不想误导新手，但是球友不知道也不行！因为这确实是合理的#羽毛球 #刘辉羽毛球 #羽毛球教学","yes","共创 4.6万 升框架 童子功因为小时候没劲儿，训练量大了，通过本能就可以做出这样的升框架发力，职业选手在半场活动和拉吊中出现的比例更是高的惊人，不想误导新手，但是球友不知道也不行！因为这确实是合理的#羽毛球 #刘辉羽毛球 #羽毛球教学"
"7579365574523565553","https://www.douyin.com/video/7579365574523565553","2.9万 星河赴远 虽然在相同的时间，我们在不同的地点遭遇到不同的困难，但是我们的心紧紧相连，在我们的世界里永远没有放弃！“问题不大，我们再来！”#刘辉羽毛球 #羽毛球","no","共创 2.9万 星河赴远 虽然在相同的时间，我们在不同的地点遭遇到不同的困难，但是我们的心紧紧相连，在我们的世界里永远没有放弃！“问题不大，我们再来！”#刘辉羽毛球 #羽毛球"
"7577392474555210597","https://www.douyin.com/video/7577392474555210597","反手发力 华羽新球拍预计12.6，谢谢大家的关注#羽毛球 #刘辉羽毛球 #羽毛球教学 #羽毛球训练","yes","3.8万 反手发力 华羽新球拍预计12.6，谢谢大家的关注#羽毛球 #刘辉羽毛球 #羽毛球教学 #羽毛球训练"
"7574364584997112305","https://www.douyin.com/video/7574364584997112305","保护膝盖 大家记住拉伸是在运动的最后，本期作品是先教的拉伸所以大家不要弄错顺序#羽毛球 #刘辉羽毛球","no","1.4万 保护膝盖 大家记住拉伸是在运动的最后，本期作品是先教的拉伸所以大家不要弄错顺序#羽毛球 #刘辉羽毛球"
"7573211923485260537","https://www.douyin.com/video/7573211923485260537","2.7万 孙超架拍特点 希望大家多提这样的问题，我的高级教练组成员很喜欢这种访谈类的技术探讨，今天出场的两位教练分别是前天津队主教练@冠军默大爷 ，和前陕西省省队主教练@Ldj","yes","共创 2.7万 孙超架拍特点 希望大家多提这样的问题，我的高级教练组成员很喜欢这种访谈类的技术探讨，今天出场的两位教练分别是前天津队主教练@冠军默大爷 ，和前陕西省省队主教练@Ldj"
"7571574635323124145","https://www.douyin.com/video/7571574635323124145","步法节奏 越着急跑输的越快，中场待着不动也不行，所以只能去找到这个接球的节奏#刘辉羽毛球 #羽毛球 #羽毛球教学 #羽毛球训练","yes","6.3万 步法节奏 越着急跑输的越快，中场待着不动也不行，所以只能去找到这个接球的节奏#刘辉羽毛球 #羽毛球 #羽毛球教学 #羽毛球训练"
"7570301879545426171","https://www.douyin.com/video/7570301879545426171","发力细节 每个人的情况不一样，我告诉抡大臂的人要用小臂，告诉内旋挥不正的人压手腕，不过他@姜晓🏸 但凡能做对一点，就总让我想起一位故人#羽毛球 #刘辉羽毛球 #羽毛球教学 #羽毛球训练","yes","2.3万 发力细节 每个人的情况不一样，我告诉抡大臂的人要用小臂，告诉内旋挥不正的人压手腕，不过他@姜晓🏸 但凡能做对一点，就总让我想起一位故人#羽毛球 #刘辉羽毛球 #羽毛球教学 #羽毛球训练"
"7567860375287303035","https://www.douyin.com/video/7567860375287303035","正手区前后步法（基础版） 正手区前后步法种类非常多，这是一种比较简单合理的步法，而且教学对象是左手，左右手的同学们都能看@姜晓 #羽毛球 #刘辉羽毛球 #羽毛球教学 #羽毛球训练","yes","2.0万 正手区前后步法（基础版） 正手区前后步法种类非常多，这是一种比较简单合理的步法，而且教学对象是左手，左右手的同学们都能看@姜晓 #羽毛球 #刘辉羽毛球 #羽毛球教学 #羽毛球训练"
"7567155406117533051","https://www.douyin.com/video/7567155406117533051","不同杀球 给大家解释为什么每个运动员动作不一样，其实在我的视角里，都是脚蹬地开始发力传递到球拍，但是每个人有差异，比如有的胳膊有劲儿，有的腰腹有劲儿，有的手腕有劲儿，通过漫长的训练，无意识的找到最适合自己发力配比，所以大家学习也得根据自己情况来#羽毛球 #刘辉羽毛球 #羽毛球教学 #羽毛球训练","yes","4.4万 不同杀球 给大家解释为什么每个运动员动作不一样，其实在我的视角里，都是脚蹬地开始发力传递到球拍，但是每个人有差异，比如有的胳膊有劲儿，有的腰腹有劲儿，有的手腕有劲儿，通过漫长的训练，无意识的找到最适合自己发力配比，所以大家学习也得根据自己情况来#羽毛球 #刘辉羽毛球 #羽毛球教学 #羽毛球训练"
"7563513758061114875","https://www.douyin.com/video/7563513758061114875","过渡击球点 简单来说就是放在外侧击球#羽毛球 #刘辉羽毛球 #羽毛球教学 #羽毛球训练","yes","3.0万 过渡击球点 简单来说就是放在外侧击球#羽毛球 #刘辉羽毛球 #羽毛球教学 #羽毛球训练"
"7561558424342056250","https://www.douyin.com/video/7561558424342056250","女生跳杀 跳杀猛女@王婆的瓜 #刘辉羽毛球 #羽毛球 #羽毛球教学 #羽毛球训练","yes","8.3万 女生跳杀 跳杀猛女@王婆的瓜 #刘辉羽毛球 #羽毛球 #羽毛球教学 #羽毛球训练"
"7560064232592493882","https://www.douyin.com/video/7560064232592493882","抽球细节 面对快球，假设球一共飞行0.8秒到你的击球点，如果你光伸拍做框架就用了0.5秒，那就没法打了，但是如果0.3秒就能做好框架，你就有0.5秒可以挥拍#刘辉羽毛球 #羽毛球 #羽毛球教学 #羽毛球训练","yes","2.2万 抽球细节 面对快球，假设球一共飞行0.8秒到你的击球点，如果你光伸拍做框架就用了0.5秒，那就没法打了，但是如果0.3秒就能做好框架，你就有0.5秒可以挥拍#刘辉羽毛球 #羽毛球 #羽毛球教学 #羽毛球训练"
"7558912953539071292","https://www.douyin.com/video/7558912953539071292","被动高远 别说这样容易抡大臂，不这样偷出来时间抢架拍位置也是个输，真被动就没时间侧身，没时间架拍，没空间做正常架拍了，所以大家总说职业选手不架拍，其实架了，只不过没做那么主动的架拍罢了#羽毛球 #刘辉羽毛球 #羽毛球教学 #羽毛球训练","yes","5.8万 被动高远 别说这样容易抡大臂，不这样偷出来时间抢架拍位置也是个输，真被动就没时间侧身，没时间架拍，没空间做正常架拍了，所以大家总说职业选手不架拍，其实架了，只不过没做那么主动的架拍罢了#羽毛球 #刘辉羽毛球 #羽毛球教学 #羽毛球训练"
"7555990252289428793","https://www.douyin.com/video/7555990252289428793","五战 三视角，用的新品牌的球拍，涂装还要改动，所以先不发图了，我已经奋起反抗了，人家关键分随便几个滚网，故意不举手的意思是滚网属于常规操作，就折磨我，他很享受这种对我的折磨！！！他晚上高兴的吃了三碗大米饭#羽毛球 #刘辉羽毛球","no","2.0万 五战 三视角，用的新品牌的球拍，涂装还要改动，所以先不发图了，我已经奋起反抗了，人家关键分随便几个滚网，故意不举手的意思是滚网属于常规操作，就折磨我，他很享受这种对我的折磨！！！他晚上高兴的吃了三碗大米饭#羽毛球 #刘辉羽毛球"
"7552759261840952636","https://www.douyin.com/video/7552759261840952636","放松发力 真挑出来的底线球，不放松做力传导杀是不行的，现在没人愿意学这些了 #羽毛球 #刘辉羽毛球 #羽毛球教学 #羽毛球训练","yes","2.2万 放松发力 真挑出来的底线球，不放松做力传导杀是不行的，现在没人愿意学这些了 #羽毛球 #刘辉羽毛球 #羽毛球教学 #羽毛球训练"
"7551459420703837498","https://www.douyin.com/video/7551459420703837498","快速架拍和力量架拍 在两者中间的架拍就是标准的普通架拍，既不会太慢，也不会没力，但是又都做不到极致的快和重，大家结合使用哦#刘辉羽毛球 #羽毛球 #羽毛球教学 #羽毛球训练","yes","3.9万 快速架拍和力量架拍 在两者中间的架拍就是标准的普通架拍，既不会太慢，也不会没力，但是又都做不到极致的快和重，大家结合使用哦#刘辉羽毛球 #羽毛球 #羽毛球教学 #羽毛球训练"
"7550305145877155131","https://www.douyin.com/video/7550305145877155131","3.3万 反手杀球 不同的击球位置也会使用不同的动作,都有不同的效果#羽毛球#刘辉羽毛球 #羽毛球教学 #羽毛球训练","yes","共创 3.3万 反手杀球 不同的击球位置也会使用不同的动作,都有不同的效果#羽毛球#刘辉羽毛球 #羽毛球教学 #羽毛球训练"
"7548394643144068411","https://www.douyin.com/video/7548394643144068411","挡斜线 在身前，点位比较高的时候可以用，球速很快，还不容易出界#羽毛球 #刘辉羽毛球 #羽毛球教学 #羽毛球训练","yes","5.2万 挡斜线 在身前，点位比较高的时候可以用，球速很快，还不容易出界#羽毛球 #刘辉羽毛球 #羽毛球教学 #羽毛球训练"
"7546109410041908538","https://www.douyin.com/video/7546109410041908538","反手被动高远 虽然被动，但是放松发力更重要，别说示范的球不到位，也打出界一米了，主要是在底线摄像机放不下了#羽毛球 #刘辉羽毛球 #羽毛球训练 #羽毛球教学","yes","4.5万 反手被动高远 虽然被动，但是放松发力更重要，别说示范的球不到位，也打出界一米了，主要是在底线摄像机放不下了#羽毛球 #刘辉羽毛球 #羽毛球训练 #羽毛球教学"
"7542822418538335545","https://www.douyin.com/video/7542822418538335545","暑假对抗 最近确实没怎么发过对抗，主要没时间录，找到一个学员录的娱乐局#羽毛球 #刘辉羽毛球","no","1.9万 暑假对抗 最近确实没怎么发过对抗，主要没时间录，找到一个学员录的娱乐局#羽毛球 #刘辉羽毛球"
"7541623926234811705","https://www.douyin.com/video/7541623926234811705","反手高远球 提供一个训练方法，方法不唯一#羽毛球 #羽毛球教学 #羽毛球训练 #刘辉羽毛球","yes","2.5万 反手高远球 提供一个训练方法，方法不唯一#羽毛球 #羽毛球教学 #羽毛球训练 #刘辉羽毛球"
"7540508309087358266","https://www.douyin.com/video/7540508309087358266","日常纠错 快让有这个问题的朋友们看看吧#羽毛球 #羽毛球教学 #羽毛球训练 #刘辉羽毛球","yes","1.6万 日常纠错 快让有这个问题的朋友们看看吧#羽毛球 #羽毛球教学 #羽毛球训练 #刘辉羽毛球"
"7539394762560113978","https://www.douyin.com/video/7539394762560113978","这种位置握拍是大拇指顶住正宽面#羽毛球 #羽毛球教学 #羽毛球训练 #刘辉羽毛球","yes","1.6万 这种位置握拍是大拇指顶住正宽面#羽毛球 #羽毛球教学 #羽毛球训练 #刘辉羽毛球"
"7538639302243323195","https://www.douyin.com/video/7538639302243323195","日常纠错 简单点，纠错的方式简单点#刘辉羽毛球 #羽毛球 #羽毛球教学 #羽毛球训练","yes","1.1万 日常纠错 简单点，纠错的方式简单点#刘辉羽毛球 #羽毛球 #羽毛球教学 #羽毛球训练"
"7536519262631611707","https://www.douyin.com/video/7536519262631611707","后场发力 给大家解释一下，这些部位发力分别如何表现，帮助大家学习#刘辉羽毛球 #羽毛球 #羽毛球教学 #羽毛球训练","yes","2.1万 后场发力 给大家解释一下，这些部位发力分别如何表现，帮助大家学习#刘辉羽毛球 #羽毛球 #羽毛球教学 #羽毛球训练"
"7535400692573211962","https://www.douyin.com/video/7535400692573211962","反手高远 这个大臂啊，用的越精炼越好，越多越完蛋#羽毛球 #刘辉羽毛球 #羽毛球教学 #羽毛球训练","yes","4.3万 反手高远 这个大臂啊，用的越精炼越好，越多越完蛋#羽毛球 #刘辉羽毛球 #羽毛球教学 #羽毛球训练"
"7534955049426095419","https://www.douyin.com/video/7534955049426095419","勾球 提高容错和质量才是实战的硬道理#刘辉羽毛球 #羽毛球 #羽毛球教学 #羽毛球训练","yes","8.6万 勾球 提高容错和质量才是实战的硬道理#刘辉羽毛球 #羽毛球 #羽毛球教学 #羽毛球训练"
"7531326870298873147","https://www.douyin.com/video/7531326870298873147","步法弹性 方法也很重要#羽毛球 #刘辉羽毛球 #羽毛球教学 #羽毛球训练","yes","2.4万 步法弹性 方法也很重要#羽毛球 #刘辉羽毛球 #羽毛球教学 #羽毛球训练"
"7530102529830800699","https://www.douyin.com/video/7530102529830800699","挥拍方向 一定要让身边有这个问题的朋友看，根据长期线下培训的数据看，超过60%的球友有这样的问题#羽毛球 #羽毛球教学 #羽毛球训练 #刘辉羽毛球","yes","1.4万 挥拍方向 一定要让身边有这个问题的朋友看，根据长期线下培训的数据看，超过60%的球友有这样的问题#羽毛球 #羽毛球教学 #羽毛球训练 #刘辉羽毛球"
"7526124617461173562","https://www.douyin.com/video/7526124617461173562","展搓 嗓子一直说不出话，如有吐字不清请配合字幕看，感谢谅解#羽毛球 #刘辉羽毛球 #羽毛球教学 #羽毛球训练","yes","1.1万 展搓 嗓子一直说不出话，如有吐字不清请配合字幕看，感谢谅解#羽毛球 #刘辉羽毛球 #羽毛球教学 #羽毛球训练"
"7525379384673733945","https://www.douyin.com/video/7525379384673733945","搓球 技术技巧是一方面，目的性是决定能不能把技术贯彻到战术里的重要环节#羽毛球 #羽毛球教学 #羽毛球训练 #刘辉羽毛球","yes","2.6万 搓球 技术技巧是一方面，目的性是决定能不能把技术贯彻到战术里的重要环节#羽毛球 #羽毛球教学 #羽毛球训练 #刘辉羽毛球"
"7524557392328461627","https://www.douyin.com/video/7524557392328461627","挡网 我最近发的东西都是大家认为简单，但是一点不简单的东西#羽毛球 #羽毛球教学 #羽毛球训练 #刘辉羽毛球","yes","3.0万 挡网 我最近发的东西都是大家认为简单，但是一点不简单的东西#羽毛球 #羽毛球教学 #羽毛球训练 #刘辉羽毛球"
"7523163965838003514","https://www.douyin.com/video/7523163965838003514","反手挑球 嗓子哑了，轻声细语发不出声，只能使点劲儿说话#刘辉羽毛球 #羽毛球 #羽毛球教学 #羽毛球训练","yes","2.8万 反手挑球 嗓子哑了，轻声细语发不出声，只能使点劲儿说话#刘辉羽毛球 #羽毛球 #羽毛球教学 #羽毛球训练"
"7522041413614816570","https://www.douyin.com/video/7522041413614816570","反手发球 种类非常多，我就讲的一种比较好上手的，比较稳定的#羽毛球 #羽毛球教学 #羽毛球训练 #刘辉羽毛球","yes","3.1万 反手发球 种类非常多，我就讲的一种比较好上手的，比较稳定的#羽毛球 #羽毛球教学 #羽毛球训练 #刘辉羽毛球"
"7520190707093654844","https://www.douyin.com/video/7520190707093654844","吊球 最普通的东西都是最需要基本功的，大家以为会了的，其实可能只是能打而已#羽毛球 #刘辉羽毛球 #羽毛球教学 #羽毛球训练","yes","6.4万 吊球 最普通的东西都是最需要基本功的，大家以为会了的，其实可能只是能打而已#羽毛球 #刘辉羽毛球 #羽毛球教学 #羽毛球训练"
"7518239001813339449","https://www.douyin.com/video/7518239001813339449","正手挑球 他的变化在于手的放松，和整个人的状态，包括击球的声音，挑球想进步也是很难的，都是黄金技术#刘辉羽毛球 #羽毛球 #羽毛球教学 #羽毛球训练","yes","2.3万 正手挑球 他的变化在于手的放松，和整个人的状态，包括击球的声音，挑球想进步也是很难的，都是黄金技术#刘辉羽毛球 #羽毛球 #羽毛球教学 #羽毛球训练"
"7517867684509420857","https://www.douyin.com/video/7517867684509420857","正手发高远 很多人后台说还是发不好，发不出冲天炮，这期盘点一下所有问题#羽毛球 #刘辉羽毛球 #羽毛球教学 #羽毛球训练","yes","4.1万 正手发高远 很多人后台说还是发不好，发不出冲天炮，这期盘点一下所有问题#羽毛球 #刘辉羽毛球 #羽毛球教学 #羽毛球训练"
"7516012808523222329","https://www.douyin.com/video/7516012808523222329","4.3万 与高政泽单打 南村群童欺我老无力，忍能对面为盗贼#刘辉羽毛球 #羽毛球","yes","共创 4.3万 与高政泽单打 南村群童欺我老无力，忍能对面为盗贼#刘辉羽毛球 #羽毛球"
"7515625891511995706","https://www.douyin.com/video/7515625891511995706","正反手过渡 先掌握核心技术，剩下的靠自己也是不错的方法#刘辉羽毛球 #羽毛球 #羽毛球教学 #羽毛球训练","yes","1.2万 正反手过渡 先掌握核心技术，剩下的靠自己也是不错的方法#刘辉羽毛球 #羽毛球 #羽毛球教学 #羽毛球训练"
"7511934047901846841","https://www.douyin.com/video/7511934047901846841","反手基础速成版 一定注意看肘的动作和架拍位置，不要因为怕撅腕就不用手腕，那是两个意思#羽毛球 #刘辉羽毛球 #羽毛球训练 #羽毛球教学","yes","8.5万 反手基础速成版 一定注意看肘的动作和架拍位置，不要因为怕撅腕就不用手腕，那是两个意思#羽毛球 #刘辉羽毛球 #羽毛球训练 #羽毛球教学"
"7511074095086243131","https://www.douyin.com/video/7511074095086243131","正手基础速成版 其他部位当然也要配合，但是最主要的部位就是手臂手腕，手指属于末端，顺着力传导用就可以，不要太刻意#羽毛球 #刘辉羽毛球 #羽毛球教学 #羽毛球训练","yes","3.9万 正手基础速成版 其他部位当然也要配合，但是最主要的部位就是手臂手腕，手指属于末端，顺着力传导用就可以，不要太刻意#羽毛球 #刘辉羽毛球 #羽毛球教学 #羽毛球训练"
"7509355373729762619","https://www.douyin.com/video/7509355373729762619","滚网搓球 双打网前有人看守时有奇效#羽毛球 #羽毛球教学 #羽毛球训练 #刘辉羽毛球","yes","1.3万 滚网搓球 双打网前有人看守时有奇效#羽毛球 #羽毛球教学 #羽毛球训练 #刘辉羽毛球"
"7508222669708463420","https://www.douyin.com/video/7508222669708463420","反手发后场 现在的规则是不超过1.15高度就可以，其实不用太在乎球拍在哪结束#羽毛球 #刘辉羽毛球 #羽毛球教学 #羽毛球训练","yes","8572 反手发后场 现在的规则是不超过1.15高度就可以，其实不用太在乎球拍在哪结束#羽毛球 #刘辉羽毛球 #羽毛球教学 #羽毛球训练"
"7506736569824726332","https://www.douyin.com/video/7506736569824726332","抽挡连贯 我知道有些兄弟很要强，受不了这种屈辱，就是不能承认被动，没关系，打羽毛球吧，它一定会教会你#羽毛球 #刘辉羽毛球 #羽毛球教学 #羽毛球训练","yes","1.1万 抽挡连贯 我知道有些兄弟很要强，受不了这种屈辱，就是不能承认被动，没关系，打羽毛球吧，它一定会教会你#羽毛球 #刘辉羽毛球 #羽毛球教学 #羽毛球训练"
"7506362888166083897","https://www.douyin.com/video/7506362888166083897","4.1万 重杀，遁地炮，跳杀连贯 很多年不见了，很怀念带她们训练的日子#羽毛球 #刘辉羽毛球 #羽毛球教学 #羽毛球训练","yes","共创 4.1万 重杀，遁地炮，跳杀连贯 很多年不见了，很怀念带她们训练的日子#羽毛球 #刘辉羽毛球 #羽毛球教学 #羽毛球训练"
"7505345719160933692","https://www.douyin.com/video/7505345719160933692","网前摸摸术 双打最厉害的就是让球向下飞，并且对面还借不到力，不要觉得压不下去的发力厉害，对面都能反抽#刘辉羽毛球 #羽毛球 #羽毛球教学 #羽毛球训练","yes","2.8万 网前摸摸术 双打最厉害的就是让球向下飞，并且对面还借不到力，不要觉得压不下去的发力厉害，对面都能反抽#刘辉羽毛球 #羽毛球 #羽毛球教学 #羽毛球训练"
"7504677485717015866","https://www.douyin.com/video/7504677485717015866","紧张时刻 有时候输一分比输一局都难受#刘辉羽毛球 #羽毛球","no","5473 紧张时刻 有时候输一分比输一局都难受#刘辉羽毛球 #羽毛球"
"7504391919716273468","https://www.douyin.com/video/7504391919716273468","双打网前意识 双打只要能让球往下飞，对面回球就是往上飞的，不一定要打硬，打软点对面更难借力#羽毛球 #刘辉羽毛球 #羽毛球教学 #羽毛球训练","yes","2.0万 双打网前意识 双打只要能让球往下飞，对面回球就是往上飞的，不一定要打硬，打软点对面更难借力#羽毛球 #刘辉羽毛球 #羽毛球教学 #羽毛球训练"
"7502895214820085049","https://www.douyin.com/video/7502895214820085049","后场发力精简版 不发力确实不会受伤，可关键那样也不厉害啊！！！#羽毛球 #刘辉羽毛球 #羽毛球训练 #羽毛球教学","yes","5.0万 后场发力精简版 不发力确实不会受伤，可关键那样也不厉害啊！！！#羽毛球 #刘辉羽毛球 #羽毛球训练 #羽毛球教学"
"7501542236061420859","https://www.douyin.com/video/7501542236061420859","2.4万 双打发接发 永远考虑对手出球最快的位置，慢的位置球真来了再说#羽毛球 #刘辉羽毛球 #羽毛球教学 #羽毛球训练","yes","共创 2.4万 双打发接发 永远考虑对手出球最快的位置，慢的位置球真来了再说#羽毛球 #刘辉羽毛球 #羽毛球教学 #羽毛球训练"
"7501263069143108921","https://www.douyin.com/video/7501263069143108921","9103 神仙打架 四个人非要我点评一下#刘辉羽毛球 #羽毛球","no","共创 9103 神仙打架 四个人非要我点评一下#刘辉羽毛球 #羽毛球"
"7500519808157371711","https://www.douyin.com/video/7500519808157371711","7.8万 高政泽vs张旌懿 第一局开局试探第二局越打越快 精彩对抗，相比教学，我其实更喜欢解说#羽毛球 #刘辉羽毛球","yes","共创 7.8万 高政泽vs张旌懿 第一局开局试探第二局越打越快 精彩对抗，相比教学，我其实更喜欢解说#羽毛球 #刘辉羽毛球"
"7499776424493075772","https://www.douyin.com/video/7499776424493075772","4.1万 反手跳sha 这是给已经会反手发力的朋友学习的，不会的也可以先收藏#羽毛球 #刘辉羽毛球 #羽毛球教学 #羽毛球训练","yes","共创 4.1万 反手跳sha 这是给已经会反手发力的朋友学习的，不会的也可以先收藏#羽毛球 #刘辉羽毛球 #羽毛球教学 #羽毛球训练"
"7498830855188942137","https://www.douyin.com/video/7498830855188942137","脚下站位 通过脚下的站位，去针对对手更有威胁，和回球概率更大的位置#羽毛球 #刘辉羽毛球 #羽毛球教学 #羽毛球训练","yes","5.0万 脚下站位 通过脚下的站位，去针对对手更有威胁，和回球概率更大的位置#羽毛球 #刘辉羽毛球 #羽毛球教学 #羽毛球训练"
"7498295344284093755","https://www.douyin.com/video/7498295344284093755","乱教3.0 学会通过架拍改善自己的顶肘，从而获得力量#刘辉羽毛球 #羽毛球 #羽毛球教学 #羽毛球训练","yes","10.2万 乱教3.0 学会通过架拍改善自己的顶肘，从而获得力量#刘辉羽毛球 #羽毛球 #羽毛球教学 #羽毛球训练"
"7497457810633674043","https://www.douyin.com/video/7497457810633674043","2.2万 与高政泽三战 状态很好，打对攻，但是男嘉宾遗憾离场#刘辉羽毛球 #羽毛球","no","共创 2.2万 与高政泽三战 状态很好，打对攻，但是男嘉宾遗憾离场#刘辉羽毛球 #羽毛球"
"7497098752897879355","https://www.douyin.com/video/7497098752897879355","正手挑，弹挑 正手挑最难的就是肘，大家分享给不会的伙伴吧#羽毛球 #刘辉羽毛球 #羽毛球教学","yes","2.2万 正手挑，弹挑 正手挑最难的就是肘，大家分享给不会的伙伴吧#羽毛球 #刘辉羽毛球 #羽毛球教学"
"7496715538836704571","https://www.douyin.com/video/7496715538836704571","1.3万 双打复仇局 我喊人来报仇，前天津队主教练，全国锦标赛双打冠军，扬眉吐气#刘辉羽毛球 #羽毛球","yes","共创 1.3万 双打复仇局 我喊人来报仇，前天津队主教练，全国锦标赛双打冠军，扬眉吐气#刘辉羽毛球 #羽毛球"
"7496238975796333881","https://www.douyin.com/video/7496238975796333881","省力进攻 最近和高政泽探讨sha球的省力技巧，感觉很适合进阶球友，大家可以后续去他的号看#羽毛球 #刘辉羽毛球 #羽毛球教学 #羽毛球训练","yes","1.4万 省力进攻 最近和高政泽探讨sha球的省力技巧，感觉很适合进阶球友，大家可以后续去他的号看#羽毛球 #刘辉羽毛球 #羽毛球教学 #羽毛球训练"
"7494729488699559225","https://www.douyin.com/video/7494729488699559225","腰腹发力 手放好位置，感受腰腹发力的方向，只有把方向做对，击球才能有效果#刘辉羽毛球 #羽毛球 #羽毛球教学 #羽毛球训练","yes","2.0万 腰腹发力 手放好位置，感受腰腹发力的方向，只有把方向做对，击球才能有效果#刘辉羽毛球 #羽毛球 #羽毛球教学 #羽毛球训练"
"7493614482682432828","https://www.douyin.com/video/7493614482682432828","技能介绍 我是为了给大家介绍一下这些招式的名字，其实你们应该也能感觉出来我并不快乐#羽毛球 #刘辉羽毛球","no","1.9万 技能介绍 我是为了给大家介绍一下这些招式的名字，其实你们应该也能感觉出来我并不快乐#羽毛球 #刘辉羽毛球"
"7492357671853526329","https://www.douyin.com/video/7492357671853526329","爆改球友 转髋还有问题，不过可以先熟悉动作了，其他的问题可以有了转髋后再微调#羽毛球 #羽毛球教学 #刘辉羽毛球","yes","2.0万 爆改球友 转髋还有问题，不过可以先熟悉动作了，其他的问题可以有了转髋后再微调#羽毛球 #羽毛球教学 #刘辉羽毛球"
"7491780200468843833","https://www.douyin.com/video/7491780200468843833","被动位变线 这个位置是比较被动的，主动的在身前的，直接用小臂手腕就可以挡过去#羽毛球 #羽毛球教学 #羽毛球训练 #刘辉羽毛球","yes","1.3万 被动位变线 这个位置是比较被动的，主动的在身前的，直接用小臂手腕就可以挡过去#羽毛球 #羽毛球教学 #羽毛球训练 #刘辉羽毛球"
"7491244893893938492","https://www.douyin.com/video/7491244893893938492","虎落平阳 找一些视角给大家看看，为什么打起比赛来平时练的步法用不到，因为出手一致，加上球速远快于步法速度，就没法打了解决方法1，继续提升步法 2更加完美的取位 3给对手制造麻烦#羽毛球 #刘辉羽毛球","yes","1.5万 虎落平阳 找一些视角给大家看看，为什么打起比赛来平时练的步法用不到，因为出手一致，加上球速远快于步法速度，就没法打了解决方法1，继续提升步法 2更加完美的取位 3给对手制造麻烦#羽毛球 #刘辉羽毛球"
"7490843160231398716","https://www.douyin.com/video/7490843160231398716","虐辉 这几年被打的最惨的一次，我必报此仇#羽毛球 #刘辉羽毛球","no","1.5万 虐辉 这几年被打的最惨的一次，我必报此仇#羽毛球 #刘辉羽毛球"
"7489412105641168187","https://www.douyin.com/video/7489412105641168187","单打发球 人最舒服的状态就是顺着球头发力#羽毛球 #羽毛球训练 #羽毛球教学 #刘辉羽毛球","yes","1.0万 单打发球 人最舒服的状态就是顺着球头发力#羽毛球 #羽毛球训练 #羽毛球教学 #刘辉羽毛球"
"7488538000524119356","https://www.douyin.com/video/7488538000524119356","2.7万 与高政泽二战 早知道不用他的球拍了，不过这次给他造成了不小的麻烦，并且最后逼出了他的教学视频#羽毛球 #羽毛球教学 #羽毛球训练 #刘辉羽毛球","yes","共创 2.7万 与高政泽二战 早知道不用他的球拍了，不过这次给他造成了不小的麻烦，并且最后逼出了他的教学视频#羽毛球 #羽毛球教学 #羽毛球训练 #刘辉羽毛球"
"7488280037955816762","https://www.douyin.com/video/7488280037955816762","羽球科普 近网球的出现意味着四方球的出现，双方的跑动都会加大，球的弧度会变高，适合自己体力或者技术及稳定性比对面有优势时使用#羽毛球 #羽毛球训练 #羽毛球教学 #刘辉羽毛球","yes","8028 羽球科普 近网球的出现意味着四方球的出现，双方的跑动都会加大，球的弧度会变高，适合自己体力或者技术及稳定性比对面有优势时使用#羽毛球 #羽毛球训练 #羽毛球教学 #刘辉羽毛球"
"7486788550298471739","https://www.douyin.com/video/7486788550298471739","网前撤后场手部细节 场景是网前撤后场，不是中场撤后场，只要把肘先抬起来到合适的位置怎么抬怎么摆都可以#羽毛球 #羽毛球训练 #羽毛球教学 #刘辉羽毛球","yes","1.7万 网前撤后场手部细节 场景是网前撤后场，不是中场撤后场，只要把肘先抬起来到合适的位置怎么抬怎么摆都可以#羽毛球 #羽毛球训练 #羽毛球教学 #刘辉羽毛球"
"7486058135547891004","https://www.douyin.com/video/7486058135547891004","动作比较 大家需要根据能力选择球拍，而不同的重量的球拍，从动作的体现上会有区别，但是动作的本质都是一样的#羽毛球 #羽毛球教学 #羽毛球训练 #刘辉羽毛球","yes","1.4万 动作比较 大家需要根据能力选择球拍，而不同的重量的球拍，从动作的体现上会有区别，但是动作的本质都是一样的#羽毛球 #羽毛球教学 #羽毛球训练 #刘辉羽毛球"
"7485692231404342586","https://www.douyin.com/video/7485692231404342586","发力第二集 大家不要错误的去伸胳膊，要学会利用身体去拿高点#羽毛球 #羽毛球训练 #羽毛球教学 #刘辉羽毛球","yes","5.0万 发力第二集 大家不要错误的去伸胳膊，要学会利用身体去拿高点#羽毛球 #羽毛球训练 #羽毛球教学 #刘辉羽毛球"
"7484563688096091449","https://www.douyin.com/video/7484563688096091449","发力第一集 大家没看懂就在看一遍，做辅助训练的时候小臂一定要特别放松#羽毛球 #羽毛球训练 #羽毛球教学 #刘辉羽毛球","yes","3.1万 发力第一集 大家没看懂就在看一遍，做辅助训练的时候小臂一定要特别放松#羽毛球 #羽毛球训练 #羽毛球教学 #刘辉羽毛球"
"7484196529696197946","https://www.douyin.com/video/7484196529696197946","马赛回旋？ 羽毛球人也有自己的马赛回旋#羽毛球 #刘辉羽毛球","no","2.7万 马赛回旋？ 羽毛球人也有自己的马赛回旋#羽毛球 #刘辉羽毛球"
"7483346020332522812","https://www.douyin.com/video/7483346020332522812","发球变化 发球隐蔽是非常重要的#羽毛球 #羽毛球教学 #刘辉羽毛球","yes","2.5万 发球变化 发球隐蔽是非常重要的#羽毛球 #羽毛球教学 #刘辉羽毛球"
"7480852601798511929","https://www.douyin.com/video/7480852601798511929","为小羊教练报仇 11分换的场地，报仇失败，说实话，体力没啥事，不怎么痛苦，赢不了，15分及格而已，我按照小羊教练对抗的时候对手的速度准备，我还做了余量，后来打起来才发现他还能更快，中计了兄弟们，下次在挑战#羽毛球 ##羽毛球单打 #刘辉羽毛球","yes","3.1万 为小羊教练报仇 11分换的场地，报仇失败，说实话，体力没啥事，不怎么痛苦，赢不了，15分及格而已，我按照小羊教练对抗的时候对手的速度准备，我还做了余量，后来打起来才发现他还能更快，中计了兄弟们，下次在挑战#羽毛球 ##羽毛球单打 #刘辉羽毛球"
"7476768272864644409","https://www.douyin.com/video/7476768272864644409","2.9万 与小🐑教练对抗 小🐑教练非常厉害，如果速度慢下来立刻就会被压制，进攻非常犀利，过完年回来体力严重不足，打三局肯定报废#羽毛球 #羽毛球单打 #刘辉羽毛球","yes","共创 2.9万 与小🐑教练对抗 小🐑教练非常厉害，如果速度慢下来立刻就会被压制，进攻非常犀利，过完年回来体力严重不足，打三局肯定报废#羽毛球 #羽毛球单打 #刘辉羽毛球"
"7475440958130097466","https://www.douyin.com/video/7475440958130097466","1.5万 教学联动 我和彭教练用这样演绎的方式来讲发球的抓球思路，但是我本人叛逆者的形象是想告诉大家战术是固定的，人是活的，当对手变化我们如何应对#羽毛球 #羽毛球训练 #羽毛球教学 #刘辉羽毛球","yes","共创 1.5万 教学联动 我和彭教练用这样演绎的方式来讲发球的抓球思路，但是我本人叛逆者的形象是想告诉大家战术是固定的，人是活的，当对手变化我们如何应对#羽毛球 #羽毛球训练 #羽毛球教学 #刘辉羽毛球"
"7471361140719652154","https://www.douyin.com/video/7471361140719652154","年后局 过年谁偷懒一眼就看出来了，因为有学员在，为了气氛有很多话是为了节目效果，大家不要介意#羽毛球 #羽毛球训练 #刘辉羽毛球","yes","8392 年后局 过年谁偷懒一眼就看出来了，因为有学员在，为了气氛有很多话是为了节目效果，大家不要介意#羽毛球 #羽毛球训练 #刘辉羽毛球"
"7459867608460840252","https://www.douyin.com/video/7459867608460840252","接下手球 小细节决定成败#羽毛球 #羽毛球教学 #羽毛球训练 #刘辉羽毛球","yes","3.7万 接下手球 小细节决定成败#羽毛球 #羽毛球教学 #羽毛球训练 #刘辉羽毛球"
"7458505857844776250","https://www.douyin.com/video/7458505857844776250","发力的关键 架拍肘的摆动越小，出拍越快门槛也就越高，代价是力量会被削弱，肘的空间越充分，力量会更大，代价是出拍会相对慢，但是门槛低，业余的球友们肯定要从基础的低门槛开始#羽毛球 #羽毛球教学 #刘辉羽毛球","yes","7.1万 发力的关键 架拍肘的摆动越小，出拍越快门槛也就越高，代价是力量会被削弱，肘的空间越充分，力量会更大，代价是出拍会相对慢，但是门槛低，业余的球友们肯定要从基础的低门槛开始#羽毛球 #羽毛球教学 #刘辉羽毛球"
"7455989990900682042","https://www.douyin.com/video/7455989990900682042","恢复局 对面两个国手，现场氛围拉满，打的爽#羽毛球 #刘辉羽毛球","no","8855 恢复局 对面两个国手，现场氛围拉满，打的爽#羽毛球 #刘辉羽毛球"
"7453420876076240188","https://www.douyin.com/video/7453420876076240188","基础挥拍 可以当网课看了，@ 你不会挥拍的小伙伴来看吧#羽毛球 #羽毛球教学 #羽毛球训练 #刘辉羽毛球","yes","2.8万 基础挥拍 可以当网课看了，@ 你不会挥拍的小伙伴来看吧#羽毛球 #羽毛球教学 #羽毛球训练 #刘辉羽毛球"
"7449702119076072764","https://www.douyin.com/video/7449702119076072764","防守斜线 直线接去挡，斜线接去削一点#羽毛球 #羽毛球教学 #羽毛球训练 #刘辉羽毛球","yes","1.6万 防守斜线 直线接去挡，斜线接去削一点#羽毛球 #羽毛球教学 #羽毛球训练 #刘辉羽毛球"
"7447084061371272507","https://www.douyin.com/video/7447084061371272507","握拍微调 抽挡反手为主，尽量不做正反手转换#羽毛球 #羽毛球教学 #羽毛球训练 #刘辉羽毛球","yes","7168 握拍微调 抽挡反手为主，尽量不做正反手转换#羽毛球 #羽毛球教学 #羽毛球训练 #刘辉羽毛球"
"7445495930280856892","https://www.douyin.com/video/7445495930280856892","遁地炮 14岁女孩，手无缚鸡之力的强力进攻，比较适合女生和业余球友，一定要确定手上动作正确的情况下增加这种跳法，不然容易大臂使用过多#羽毛球 #羽毛球教学 #羽毛球训练 #刘辉羽毛球","yes","3.2万 遁地炮 14岁女孩，手无缚鸡之力的强力进攻，比较适合女生和业余球友，一定要确定手上动作正确的情况下增加这种跳法，不然容易大臂使用过多#羽毛球 #羽毛球教学 #羽毛球训练 #刘辉羽毛球"
"7441796812475747641","https://www.douyin.com/video/7441796812475747641","手与球拍 只是说合适，没有对错，有的人手腕用的多，或者击球点靠外，愿意低点打，那就也能用#羽毛球 #羽毛球训练 #羽毛球教学 #刘辉羽毛球","yes","9661 手与球拍 只是说合适，没有对错，有的人手腕用的多，或者击球点靠外，愿意低点打，那就也能用#羽毛球 #羽毛球训练 #羽毛球教学 #刘辉羽毛球"
"7440406891664133428","https://www.douyin.com/video/7440406891664133428","压球新讲 就算追求贴球发力，也得是建立在能把动作做完的基础上贴，怕打不到球也会本能的把球拍接近球而失去发力空间，这都是不对的#羽毛球 #羽毛球训练 #羽毛球教学 #刘辉羽毛球","yes","7891 压球新讲 就算追求贴球发力，也得是建立在能把动作做完的基础上贴，怕打不到球也会本能的把球拍接近球而失去发力空间，这都是不对的#羽毛球 #羽毛球训练 #羽毛球教学 #刘辉羽毛球"
"7436590141298265344","https://www.douyin.com/video/7436590141298265344","外籍对抗3.0 恢复了一个礼拜了，这种状态最起码能用3天，距离上一次感觉自己很轻盈应该是1年前了","no","8334 外籍对抗3.0 恢复了一个礼拜了，这种状态最起码能用3天，距离上一次感觉自己很轻盈应该是1年前了"
"7435240260684074280","https://www.douyin.com/video/7435240260684074280","被人砸场 我被人找到了软肋，我还真不太会#羽毛球 #刘辉羽毛球","no","2462 被人砸场 我被人找到了软肋，我还真不太会#羽毛球 #刘辉羽毛球"
"7432633273060314408","https://www.douyin.com/video/7432633273060314408","如何快速恢复对抗能力 觉得训练的时候实在不行了，就可以直接最后一个项目了#羽毛球 #羽毛球教学 #羽毛球训练 #刘辉羽毛球","yes","1.7万 如何快速恢复对抗能力 觉得训练的时候实在不行了，就可以直接最后一个项目了#羽毛球 #羽毛球教学 #羽毛球训练 #刘辉羽毛球"
"7431866933538049332","https://www.douyin.com/video/7431866933538049332","2.0万 到胃吗？ #羽毛球","no","共创 2.0万 到胃吗？ #羽毛球"
"7431395548067794210","https://www.douyin.com/video/7431395548067794210","新老对抗 就打了一局，就算1比2吧，搭档没劲儿了#羽毛球 #刘辉羽毛球","no","4740 新老对抗 就打了一局，就算1比2吧，搭档没劲儿了#羽毛球 #刘辉羽毛球"
"7427416335900020008","https://www.douyin.com/video/7427416335900020008","华云纵 入门是实用假动作，熟练后可以发展成花活，去参加职业比赛的朋友不用看后面的#羽毛球 #羽毛球教学 #羽毛球训练 #刘辉羽毛球","yes","1.6万 华云纵 入门是实用假动作，熟练后可以发展成花活，去参加职业比赛的朋友不用看后面的#羽毛球 #羽毛球教学 #羽毛球训练 #刘辉羽毛球"
"7426220574516530466","https://www.douyin.com/video/7426220574516530466","被复仇局 对手是二级，我通常会把系鞋带当做对对手的认可，本来想不系刺激一下小伙子，但是我的球鞋有些旧了，鞋底磨平了有点，还是很危险的大家不要学我#羽毛球 #刘辉羽毛球","no","8809 被复仇局 对手是二级，我通常会把系鞋带当做对对手的认可，本来想不系刺激一下小伙子，但是我的球鞋有些旧了，鞋底磨平了有点，还是很危险的大家不要学我#羽毛球 #刘辉羽毛球"
"7424820473587879183","https://www.douyin.com/video/7424820473587879183","球场新骗局 两分钟，两个球，两百#羽毛球 #刘辉羽毛球","no","1.1万 球场新骗局 两分钟，两个球，两百#羽毛球 #刘辉羽毛球"
"7423714121620737315","https://www.douyin.com/video/7423714121620737315","双打集锦 为什么对面那么凶，弹网不举手还瞪我？？#羽毛球 #刘辉羽毛球","yes","7348 双打集锦 为什么对面那么凶，弹网不举手还瞪我？？#羽毛球 #刘辉羽毛球"
"7422121561559272739","https://www.douyin.com/video/7422121561559272739","低姿准备 有低姿态准备，也有高姿态的准备，可以不用，不能不会，因为除了累其他的都是优点#羽毛球 #羽毛球教学 #羽毛球训练 #刘辉羽毛球","yes","8145 低姿准备 有低姿态准备，也有高姿态的准备，可以不用，不能不会，因为除了累其他的都是优点#羽毛球 #羽毛球教学 #羽毛球训练 #刘辉羽毛球"
"7419526149279092020","https://www.douyin.com/video/7419526149279092020","压迫感 #羽毛球 #刘辉羽毛球","no","1.8万 压迫感 #羽毛球 #刘辉羽毛球"
"7418417650264558848","https://www.douyin.com/video/7418417650264558848","1.1万 被人教学鞭打发力 受益匪浅#羽毛球 #羽毛球教学 #刘辉羽毛球","yes","共创 1.1万 被人教学鞭打发力 受益匪浅#羽毛球 #羽毛球教学 #刘辉羽毛球"
"7415820467606473999","https://www.douyin.com/video/7415820467606473999","走火入魔 最近看啥都像羽毛球#羽毛球 #羽毛球训练 #羽毛球教学 #刘辉羽毛球","yes","9212 走火入魔 最近看啥都像羽毛球#羽毛球 #羽毛球训练 #羽毛球教学 #刘辉羽毛球"
"7414339897990843663","https://www.douyin.com/video/7414339897990843663","双打防守进阶 外旋是大臂带动小臂的必然动作，用手指发力也可以，但是非常考验力量#羽毛球 #羽毛球教学 #羽毛球训练 #刘辉羽毛球","yes","7144 双打防守进阶 外旋是大臂带动小臂的必然动作，用手指发力也可以，但是非常考验力量#羽毛球 #羽毛球教学 #羽毛球训练 #刘辉羽毛球"
"7413335844594994447","https://www.douyin.com/video/7413335844594994447","节奏变化及目的性 虽然最后还是被干了，但是如果没有内容肯定是被吊起来打#羽毛球 #羽毛球教学 #羽毛球训练 #羽毛球单打 #刘辉羽毛球","yes","1.3万 节奏变化及目的性 虽然最后还是被干了，但是如果没有内容肯定是被吊起来打#羽毛球 #羽毛球教学 #羽毛球训练 #羽毛球单打 #刘辉羽毛球"
"7411850466457292084","https://www.douyin.com/video/7411850466457292084","平搓远网 平搓可以根据情况加力减力，手臂也可以适当的介入辅助#羽毛球 #羽毛球教学 #羽毛球训练 #刘辉羽毛球","yes","1.3万 平搓远网 平搓可以根据情况加力减力，手臂也可以适当的介入辅助#羽毛球 #羽毛球教学 #羽毛球训练 #刘辉羽毛球"
"7409137525006060840","https://www.douyin.com/video/7409137525006060840","外籍单打2.0 @旺托 starboy 为了防止他放水，赛前我特意说了我会发抖音，你一定要把我打的特别惨大家才会认可你，我恢复的不错了，体力还是很难跟上，被翻盘了22-24#羽毛球 #羽毛球单打 #刘辉羽毛球","yes","1.8万 外籍单打2.0 @旺托 starboy 为了防止他放水，赛前我特意说了我会发抖音，你一定要把我打的特别惨大家才会认可你，我恢复的不错了，体力还是很难跟上，被翻盘了22-24#羽毛球 #羽毛球单打 #刘辉羽毛球"
"7408162190647217460","https://www.douyin.com/video/7408162190647217460","外籍单打 上次补发的，只有11分之后的了家人们，最后18分，没什么办法，现役太能跑了#羽毛球 #羽毛球教学 #刘辉羽毛球 #羽毛球单打","yes","5075 外籍单打 上次补发的，只有11分之后的了家人们，最后18分，没什么办法，现役太能跑了#羽毛球 #羽毛球教学 #刘辉羽毛球 #羽毛球单打"
"7406541084219821312","https://www.douyin.com/video/7406541084219821312","正手网前步法 当然还要注意左手的摆放和重心的控制，但是时间有限，直播的时候讲吧#羽毛球 #羽毛球教学 #羽毛球训练 #刘辉羽毛球","yes","4768 正手网前步法 当然还要注意左手的摆放和重心的控制，但是时间有限，直播的时候讲吧#羽毛球 #羽毛球教学 #羽毛球训练 #刘辉羽毛球"
"7405420818009722146","https://www.douyin.com/video/7405420818009722146","面试新教练 还好前两天恢复了下，新教练是强一级，刚拿了全国大学生第六，又有新伙伴啦，单双打都很厉害，性格也开朗#羽毛球 #羽毛球教学 #羽毛球训练 #羽毛球单打 #刘辉羽毛球","yes","1.2万 面试新教练 还好前两天恢复了下，新教练是强一级，刚拿了全国大学生第六，又有新伙伴啦，单双打都很厉害，性格也开朗#羽毛球 #羽毛球教学 #羽毛球训练 #羽毛球单打 #刘辉羽毛球"
"7404091511773613347","https://www.douyin.com/video/7404091511773613347","暑假末，恢复中 不管体力和状态差成什么样子，单打都是我心之所向#羽毛球 #羽毛球训练 #羽毛球单打 #刘辉羽毛球","yes","1.0万 暑假末，恢复中 不管体力和状态差成什么样子，单打都是我心之所向#羽毛球 #羽毛球训练 #羽毛球单打 #刘辉羽毛球"
"7400221745208167695","https://www.douyin.com/video/7400221745208167695","外籍对抗 新成员都很给力#羽毛球 #羽毛球教学 #羽毛球训练 #刘辉羽毛球","yes","6208 外籍对抗 新成员都很给力#羽毛球 #羽毛球教学 #羽毛球训练 #刘辉羽毛球"
"7397746202562956559","https://www.douyin.com/video/7397746202562956559","1.2万 日常纠错抡大臂 没有演，一箱球都打完了，问题还有但是时间有限，不过t老师已经得救了算是#羽毛球 #羽毛球教学 #羽毛球训练 #刘辉羽毛球","yes","共创 1.2万 日常纠错抡大臂 没有演，一箱球都打完了，问题还有但是时间有限，不过t老师已经得救了算是#羽毛球 #羽毛球教学 #羽毛球训练 #刘辉羽毛球"
"7393550140465777960","https://www.douyin.com/video/7393550140465777960","日常纠错反手过渡 总结，大臂不要上下晃，尤其是够的太高完了击球的时候还掉下来，保持住大臂的高度#羽毛球 #羽毛球教学 #羽毛球训练 #刘辉羽毛球","yes","1.4万 日常纠错反手过渡 总结，大臂不要上下晃，尤其是够的太高完了击球的时候还掉下来，保持住大臂的高度#羽毛球 #羽毛球教学 #羽毛球训练 #刘辉羽毛球"
"7389830539580132642","https://www.douyin.com/video/7389830539580132642","谢谢兄弟们捧场#羽毛球 #刘辉羽毛球 @源式羽球 @脏教练羽毛球（速烁为爱发电） @小叶老师🏸️","no","1.0万 谢谢兄弟们捧场#羽毛球 #刘辉羽毛球 @源式羽球 @脏教练羽毛球（速烁为爱发电） @小叶老师🏸️"
"7387250672263040267","https://www.douyin.com/video/7387250672263040267","1.8万 你们觉得谁的杀球更重呢@脏教练羽毛球（球场秀操作版） @刘辉羽毛球","yes","共创 1.8万 你们觉得谁的杀球更重呢@脏教练羽毛球（球场秀操作版） @刘辉羽毛球"
"7387233755057949987","https://www.douyin.com/video/7387233755057949987","1.7万 联动防守变线 兄弟们来找我我很开心，视频娱乐，为逗大家一笑#羽毛球 #羽毛球训练 #羽毛球教学 #刘辉羽毛球","yes","共创 1.7万 联动防守变线 兄弟们来找我我很开心，视频娱乐，为逗大家一笑#羽毛球 #羽毛球训练 #羽毛球教学 #刘辉羽毛球"
"7385749108843089187","https://www.douyin.com/video/7385749108843089187","架拍挥拍底层逻辑 我所有的问题是真想讲清楚，讲清楚需要时间，各位的时间宝贵，视频时间一长就没人看了#羽毛球 #羽毛球教学 #羽毛球训练 #刘辉羽毛球","yes","1.6万 架拍挥拍底层逻辑 我所有的问题是真想讲清楚，讲清楚需要时间，各位的时间宝贵，视频时间一长就没人看了#羽毛球 #羽毛球教学 #羽毛球训练 #刘辉羽毛球"
"7384641787647872308","https://www.douyin.com/video/7384641787647872308","组织框架 还有很多没补充上，时间有限，简单介绍下，放松展开的架拍是只有要击球了我们展开，快速架拍是启动就展开了#羽毛球 #羽毛球教学 #羽毛球训练 #刘辉羽毛球","yes","6369 组织框架 还有很多没补充上，时间有限，简单介绍下，放松展开的架拍是只有要击球了我们展开，快速架拍是启动就展开了#羽毛球 #羽毛球教学 #羽毛球训练 #刘辉羽毛球"
"7383154379915906319","https://www.douyin.com/video/7383154379915906319","基础挥拍重快 由于要控制时长我剪辑的很精简，基础挥拍如何打的重，如何打的快，建议多看两边，详细的我们直播间来说#羽毛球 #羽毛球教学 #羽毛球训练 #刘辉羽毛球","yes","1.6万 基础挥拍重快 由于要控制时长我剪辑的很精简，基础挥拍如何打的重，如何打的快，建议多看两边，详细的我们直播间来说#羽毛球 #羽毛球教学 #羽毛球训练 #刘辉羽毛球"
"7382052454063492392","https://www.douyin.com/video/7382052454063492392","低配模仿 视频动作危险，需要很高的门槛，大家切勿模仿。#羽毛球 #羽毛球教学 #羽毛球训练 #刘辉羽毛球","yes","1.2万 低配模仿 视频动作危险，需要很高的门槛，大家切勿模仿。#羽毛球 #羽毛球教学 #羽毛球训练 #刘辉羽毛球"
"7381785580268473635","https://www.douyin.com/video/7381785580268473635","高端局 腿伤都快给我跑复发了 16比21 21比17#羽毛球 #羽毛球单打 #刘辉羽毛球 #羽毛球教学 #羽毛球训练","yes","1.5万 高端局 腿伤都快给我跑复发了 16比21 21比17#羽毛球 #羽毛球单打 #刘辉羽毛球 #羽毛球教学 #羽毛球训练"
"7380562375188974888","https://www.douyin.com/video/7380562375188974888","1.3万 闪动发力剧场版 两位美女都是全国大学生冠军@秦爆爆在打球🏸😜 @羽球小甜姐✨🏸 #羽毛球 #羽毛球教学 #羽毛球训练 #刘辉羽毛球","yes","共创 1.3万 闪动发力剧场版 两位美女都是全国大学生冠军@秦爆爆在打球🏸😜 @羽球小甜姐✨🏸 #羽毛球 #羽毛球教学 #羽毛球训练 #刘辉羽毛球"
"7377973400959978767","https://www.douyin.com/video/7377973400959978767","新视角 大家帮忙看看这次的新视角怎么样？对面是我发小，前陕西队主教练@Ldj 我们两个玩着打的所以失误比较多#羽毛球 #刘辉羽毛球","no","7097 新视角 大家帮忙看看这次的新视角怎么样？对面是我发小，前陕西队主教练@Ldj 我们两个玩着打的所以失误比较多#羽毛球 #刘辉羽毛球"
"7376838935164505384","https://www.douyin.com/video/7376838935164505384","单打技术 借用一下三位健将和我昔日对抗的素材，感谢@Ldj @张旌懿 @源式羽球 #羽毛球 #刘辉羽毛球 #羽毛球教学","yes","1.7万 单打技术 借用一下三位健将和我昔日对抗的素材，感谢@Ldj @张旌懿 @源式羽球 #羽毛球 #刘辉羽毛球 #羽毛球教学"
"7370160247467494691","https://www.douyin.com/video/7370160247467494691","最近恢复了一些，大家帮我看看球速恢复到300了吗？#羽毛球 #羽毛球教学 #羽毛球训练#刘辉羽毛球","yes","1.4万 最近恢复了一些，大家帮我看看球速恢复到300了吗？#羽毛球 #羽毛球教学 #羽毛球训练#刘辉羽毛球"
"7369052560818195752","https://www.douyin.com/video/7369052560818195752","集中发力 开始输出，兄弟们抓紧上车啦#羽毛球教学 #羽毛球 #羽毛球训练 #刘辉羽毛球","yes","1.4万 集中发力 开始输出，兄弟们抓紧上车啦#羽毛球教学 #羽毛球 #羽毛球训练 #刘辉羽毛球"
"7367561803234069800","https://www.douyin.com/video/7367561803234069800","恢复局 除了起跳的时候有点使不上劲儿，手感上面恢复差不多了，后面可以发教学啦#羽毛球教学 #羽毛球 #羽毛球训练 #刘辉羽毛球","yes","1.1万 恢复局 除了起跳的时候有点使不上劲儿，手感上面恢复差不多了，后面可以发教学啦#羽毛球教学 #羽毛球 #羽毛球训练 #刘辉羽毛球"
"7358661350945525007","https://www.douyin.com/video/7358661350945525007","手法挑战 小年轻挑战正反手各一组球，没有正手了，反手已经淘汰掉了对手。没有实战意义，只是一段这样的训练，实战请勿模仿#羽毛球 #羽毛球教学 #羽毛球训练 #刘辉羽毛球","yes","1.1万 手法挑战 小年轻挑战正反手各一组球，没有正手了，反手已经淘汰掉了对手。没有实战意义，只是一段这样的训练，实战请勿模仿#羽毛球 #羽毛球教学 #羽毛球训练 #刘辉羽毛球"
"7357171384377740544","https://www.douyin.com/video/7357171384377740544","如何喂球 我每次都愿意扮演平凡的人，是因为我们每个人都了不起，都可以让自己变得更优秀，不要放弃学习#羽毛球 #羽毛球教学 #羽毛球训练 #刘辉羽毛球","yes","1.2万 如何喂球 我每次都愿意扮演平凡的人，是因为我们每个人都了不起，都可以让自己变得更优秀，不要放弃学习#羽毛球 #羽毛球教学 #羽毛球训练 #刘辉羽毛球"
"7356057989767269684","https://www.douyin.com/video/7356057989767269684","虽然看似练功走火入魔，其实真的差不多，我很有收获#羽毛球 #羽毛球教学 #羽毛球训练 #刘辉羽毛球","yes","5.2万 虽然看似练功走火入魔，其实真的差不多，我很有收获#羽毛球 #羽毛球教学 #羽毛球训练 #刘辉羽毛球"
"7354580584229866787","https://www.douyin.com/video/7354580584229866787","球在自己这边好好递球，握手时不要让对手伸过来握，这些球场礼仪大家要知道，净化环境，我的反应是为了表现出不对#羽毛球 #羽毛球教学 #羽毛球训练 #刘辉羽毛球","yes","5.5万 球在自己这边好好递球，握手时不要让对手伸过来握，这些球场礼仪大家要知道，净化环境，我的反应是为了表现出不对#羽毛球 #羽毛球教学 #羽毛球训练 #刘辉羽毛球"
"7353467942706695458","https://www.douyin.com/video/7353467942706695458","终于有时间再更新步法了#羽毛球 #羽毛球教学 #羽毛球训练 #刘辉羽毛球","yes","7385 终于有时间再更新步法了#羽毛球 #羽毛球教学 #羽毛球训练 #刘辉羽毛球"
"7351983713426705699","https://www.douyin.com/video/7351983713426705699","总结，下身转上身卷。#羽毛球 #羽毛球教学 #羽毛球训练 #刘辉羽毛球","yes","1.8万 总结，下身转上身卷。#羽毛球 #羽毛球教学 #羽毛球训练 #刘辉羽毛球"
"7348271667711380770","https://www.douyin.com/video/7348271667711380770","听说很多人喜欢这招，别说华而不实，有没有用，我只想让对手心里难受，他难受我心里就美滋滋的#羽毛球 #羽毛球教学 #羽毛球训练 #刘辉羽毛球","yes","2.0万 听说很多人喜欢这招，别说华而不实，有没有用，我只想让对手心里难受，他难受我心里就美滋滋的#羽毛球 #羽毛球教学 #羽毛球训练 #刘辉羽毛球"
"7346781656461724963","https://www.douyin.com/video/7346781656461724963","腰腹发力，和我们生活一样，要张弛有度才合适#羽毛球 #羽毛球教学 #羽毛球训练 #刘辉羽毛球","yes","1.7万 腰腹发力，和我们生活一样，要张弛有度才合适#羽毛球 #羽毛球教学 #羽毛球训练 #刘辉羽毛球"
"7344186576013905187","https://www.douyin.com/video/7344186576013905187","这个是一个思路，帮助没有过渡基础的朋友找到感觉，不能说两个技术感觉一模一样，但是手感非常的接近#羽毛球 #羽毛球教学 #羽毛球训练 #刘辉羽毛球","yes","1.5万 这个是一个思路，帮助没有过渡基础的朋友找到感觉，不能说两个技术感觉一模一样，但是手感非常的接近#羽毛球 #羽毛球教学 #羽毛球训练 #刘辉羽毛球"
"7343069490126540084","https://www.douyin.com/video/7343069490126540084","里面干货很多，不是针对一点#羽毛球 #羽毛球训练 #羽毛球教学 #刘辉羽毛球","yes","1.8万 里面干货很多，不是针对一点#羽毛球 #羽毛球训练 #羽毛球教学 #刘辉羽毛球"
"7341595770195430690","https://www.douyin.com/video/7341595770195430690","滞空，和滞空感是两个东西，一个是事实，一个是感觉，但是羽毛球的进攻需要一个好的框架，可以让发力更集中#羽毛球 #羽毛球教学 #羽毛球训练 #刘辉羽毛球","yes","6.0万 滞空，和滞空感是两个东西，一个是事实，一个是感觉，但是羽毛球的进攻需要一个好的框架，可以让发力更集中#羽毛球 #羽毛球教学 #羽毛球训练 #刘辉羽毛球"
"7340472371322686755","https://www.douyin.com/video/7340472371322686755","全程无加速，需要教练员速度快变化多，主打心狠，折磨人#羽毛球 #羽毛球训练 #羽毛球教学 #刘辉羽毛球","yes","6231 全程无加速，需要教练员速度快变化多，主打心狠，折磨人#羽毛球 #羽毛球训练 #羽毛球教学 #刘辉羽毛球"
"7335277415456836898","https://www.douyin.com/video/7335277415456836898","吹笛子的手势是描述大概，大家容易握的太松，注意松是要的缝隙，紧是要的稳定#羽毛球 #羽毛球教学 #羽毛球训练 #刘辉羽毛球","yes","7393 吹笛子的手势是描述大概，大家容易握的太松，注意松是要的缝隙，紧是要的稳定#羽毛球 #羽毛球教学 #羽毛球训练 #刘辉羽毛球"
"7331201469292596520","https://www.douyin.com/video/7331201469292596520","我手下的教练改一个学员轮大臂遇到的问题，素材来自学员录制#羽毛球 #羽毛球训练 #羽毛球教学 #刘辉羽毛球","yes","1.8万 我手下的教练改一个学员轮大臂遇到的问题，素材来自学员录制#羽毛球 #羽毛球训练 #羽毛球教学 #刘辉羽毛球"
"7330090280055491874","https://www.douyin.com/video/7330090280055491874","上期有人说我教不了我徒弟了，我表示不服，但是基础技术没威胁的话，假动作就是笑话啦#羽毛球 #羽毛球教学 #羽毛球训练 #刘辉羽毛球","yes","3.4万 上期有人说我教不了我徒弟了，我表示不服，但是基础技术没威胁的话，假动作就是笑话啦#羽毛球 #羽毛球教学 #羽毛球训练 #刘辉羽毛球"
"7327483273536474408","https://www.douyin.com/video/7327483273536474408","1月23，晴，9岁男童，天赋异禀，顽劣成性，打之。他会，说明他有过人的球感，但是一定没好好训练，我们到底应该用什么样的态度对待假动作，这个还得评论区讨论#羽毛球 #羽毛球训练 #刘辉羽毛球","yes","6.7万 1月23，晴，9岁男童，天赋异禀，顽劣成性，打之。他会，说明他有过人的球感，但是一定没好好训练，我们到底应该用什么样的态度对待假动作，这个还得评论区讨论#羽毛球 #羽毛球训练 #刘辉羽毛球"
"7326007183156514082","https://www.douyin.com/video/7326007183156514082","我帮孩子证明，这拍子是他的，永远都是#羽毛球 #刘辉羽毛球","no","17.8万 我帮孩子证明，这拍子是他的，永远都是#羽毛球 #刘辉羽毛球"
"7324887936980274432","https://www.douyin.com/video/7324887936980274432","羽毛球发力入门级测试 #羽毛球训练 #羽毛球教学 #刘辉羽毛球","yes","2.4万 羽毛球发力入门级测试 #羽毛球训练 #羽毛球教学 #刘辉羽毛球"
"7322291358931127592","https://www.douyin.com/video/7322291358931127592","不用管身高，网带能卡住大臂就行在哪卡都可以，用网带辅助不依赖大臂挥下去#羽毛球 #羽毛球训练 #羽毛球教学 #刘辉羽毛球","yes","3.5万 不用管身高，网带能卡住大臂就行在哪卡都可以，用网带辅助不依赖大臂挥下去#羽毛球 #羽毛球训练 #羽毛球教学 #刘辉羽毛球"
"7319695192297180431","https://www.douyin.com/video/7319695192297180431","任何情况，无论单双打，都要考虑自己的位置与速度，和球的速度的搭配是否合理#羽毛球 #羽毛球训练 #羽毛球教学 #刘辉羽毛球","yes","9712 任何情况，无论单双打，都要考虑自己的位置与速度，和球的速度的搭配是否合理#羽毛球 #羽毛球训练 #羽毛球教学 #刘辉羽毛球"
"7318207777246072098","https://www.douyin.com/video/7318207777246072098","学会了用视频开始的训练练习手感就行，你早晚得掌握的技术，特定情况下使用，大家不要上纲上线哦#羽毛球 #羽毛球训练 #羽毛球教学 #刘辉羽毛球","yes","2.2万 学会了用视频开始的训练练习手感就行，你早晚得掌握的技术，特定情况下使用，大家不要上纲上线哦#羽毛球 #羽毛球训练 #羽毛球教学 #刘辉羽毛球"
"7317096664815144218","https://www.douyin.com/video/7317096664815144218","不知道从什么时候开始，打局球成了奢侈品#羽毛球 #刘辉羽毛球","no","1.4万 不知道从什么时候开始，打局球成了奢侈品#羽毛球 #刘辉羽毛球"
"7315610620424883496","https://www.douyin.com/video/7315610620424883496","从上到下，由后向前的带动，才能让发力更顺畅，所有羽毛球运动员后场发力时身体都是歪的#羽毛球 #羽毛球教学 #羽毛球训练 #刘辉羽毛球","yes","1.5万 从上到下，由后向前的带动，才能让发力更顺畅，所有羽毛球运动员后场发力时身体都是歪的#羽毛球 #羽毛球教学 #羽毛球训练 #刘辉羽毛球"
"7313012058021186866","https://www.douyin.com/video/7313012058021186866","这个视角表现不出球速，实际上大臂动作小了之后发力集中，球速明显快了#羽毛球教学 #羽毛球训练 #羽毛球 #刘辉羽毛球","yes","1.5万 这个视角表现不出球速，实际上大臂动作小了之后发力集中，球速明显快了#羽毛球教学 #羽毛球训练 #羽毛球 #刘辉羽毛球"
"7311907273461320975","https://www.douyin.com/video/7311907273461320975","握拍大拇指顶着正面，最舒服的位置在侧身前的位置#羽毛球 #羽毛球教学 #羽毛球训练 #刘辉羽毛球","yes","9905 握拍大拇指顶着正面，最舒服的位置在侧身前的位置#羽毛球 #羽毛球教学 #羽毛球训练 #刘辉羽毛球"
"7309303794733485327","https://www.douyin.com/video/7309303794733485327","被动也可以用这样的启动方式连接后交叉步#羽毛球 #羽毛球训练 #羽毛球教学 #刘辉羽毛球","yes","1.8万 被动也可以用这样的启动方式连接后交叉步#羽毛球 #羽毛球训练 #羽毛球教学 #刘辉羽毛球"
"7307817481257766178","https://www.douyin.com/video/7307817481257766178","下一个想学哪里？#羽毛球 #羽毛球教学 #羽毛球训练 #刘辉羽毛球","yes","2.4万 下一个想学哪里？#羽毛球 #羽毛球教学 #羽毛球训练 #刘辉羽毛球"
"7306709804234444072","https://www.douyin.com/video/7306709804234444072","这样削球是最稳定的劈吊#羽毛球 #羽毛球教学 #羽毛球训练 #刘辉羽毛球","yes","1.6万 这样削球是最稳定的劈吊#羽毛球 #羽毛球教学 #羽毛球训练 #刘辉羽毛球"
"7305218669343264034","https://www.douyin.com/video/7305218669343264034","勾球可以说动作小，但是拍子一定是要过球的#羽毛球教学 #羽毛球 #羽毛球训练 #刘辉羽毛球","yes","1.4万 勾球可以说动作小，但是拍子一定是要过球的#羽毛球教学 #羽毛球 #羽毛球训练 #刘辉羽毛球"
"7304104136306412835","https://www.douyin.com/video/7304104136306412835","保护身位，信息不明朗少打斜线，无视错别字，视频拿到的时候就是这样的#羽毛球教学 #羽毛球 #羽毛球训练 #刘辉羽毛球","yes","8622 保护身位，信息不明朗少打斜线，无视错别字，视频拿到的时候就是这样的#羽毛球教学 #羽毛球 #羽毛球训练 #刘辉羽毛球"
"7302621786980486440","https://www.douyin.com/video/7302621786980486440","这样的方式是辅助，大概可以找到一个方向，熟练之后就可以自由控制啦#羽毛球 #羽毛球教学 #羽毛球训练 #刘辉羽毛球","yes","5274 这样的方式是辅助，大概可以找到一个方向，熟练之后就可以自由控制啦#羽毛球 #羽毛球教学 #羽毛球训练 #刘辉羽毛球"
"7301508881325296931","https://www.douyin.com/video/7301508881325296931","病毒感冒了，暂停直播，高烧不退#羽毛球教学 #羽毛球训练 #羽毛球 #刘辉羽毛球","yes","4233 病毒感冒了，暂停直播，高烧不退#羽毛球教学 #羽毛球训练 #羽毛球 #刘辉羽毛球"
"7300032085358660904","https://www.douyin.com/video/7300032085358660904","打球要有目的性，更要清楚对手的目的性#羽毛球 #羽毛球教学 #羽毛球训练 #刘辉羽毛球","yes","1.8万 打球要有目的性，更要清楚对手的目的性#羽毛球 #羽毛球教学 #羽毛球训练 #刘辉羽毛球"
"7298921585358933283","https://www.douyin.com/video/7298921585358933283","大家千万不要歪的过度，把重心都歪没了，是发力方式#羽毛球教学 #羽毛球 #羽毛球训练 #刘辉羽毛球","yes","5959 大家千万不要歪的过度，把重心都歪没了，是发力方式#羽毛球教学 #羽毛球 #羽毛球训练 #刘辉羽毛球"
"7296314453379910947","https://www.douyin.com/video/7296314453379910947","因为击球点不同我们人的姿态不一样，所以动作和大臂的幅度必然不一样#羽毛球教学 #羽毛球 #羽毛球训练 #刘辉羽毛球","yes","2.9万 因为击球点不同我们人的姿态不一样，所以动作和大臂的幅度必然不一样#羽毛球教学 #羽毛球 #羽毛球训练 #刘辉羽毛球"
"7294830192302853428","https://www.douyin.com/video/7294830192302853428","我发现关系越好打球越坏，下手越狠，反而是刚认识的，互相表现的球品都很好哈哈，这两天没拍东西，用别人拍的视频摸鱼一下下#羽毛球 #刘辉羽毛球 #快乐羽毛球","no","5365 我发现关系越好打球越坏，下手越狠，反而是刚认识的，互相表现的球品都很好哈哈，这两天没拍东西，用别人拍的视频摸鱼一下下#羽毛球 #刘辉羽毛球 #快乐羽毛球"
"7293716793221205283","https://www.douyin.com/video/7293716793221205283","挥拍动作的大小和腰腹动作的大小有关，因为大臂要和身体相连，如果用主动前点的动作打被动高点的球，那就成高射炮了，球友通病#羽毛球 #羽毛球教学 #羽毛球训练 #刘辉羽毛球","yes","1.8万 挥拍动作的大小和腰腹动作的大小有关，因为大臂要和身体相连，如果用主动前点的动作打被动高点的球，那就成高射炮了，球友通病#羽毛球 #羽毛球教学 #羽毛球训练 #刘辉羽毛球"
"7292235083715448104","https://www.douyin.com/video/7292235083715448104","这些尴尬的瞬间各位经历过吗？各位是怎么下台的？谁能给个台阶？求教#羽毛球 #快乐羽毛球 #羽毛球教学 #刘辉羽毛球","yes","6555 这些尴尬的瞬间各位经历过吗？各位是怎么下台的？谁能给个台阶？求教#羽毛球 #快乐羽毛球 #羽毛球教学 #刘辉羽毛球"
"7291120515530493184","https://www.douyin.com/video/7291120515530493184","一定要学会完整的力传导，发高远球如果发的好也是很有优势的#羽毛球 #羽毛球教学 #羽毛球训练 #刘辉羽毛球 @抖音小助手","yes","9.2万 一定要学会完整的力传导，发高远球如果发的好也是很有优势的#羽毛球 #羽毛球教学 #羽毛球训练 #刘辉羽毛球 @抖音小助手"
"7289635377009151247","https://www.douyin.com/video/7289635377009151247","算是和上一个作品做呼应，巧妙的用肘带动手腕，是成为高手的必经之路#羽毛球 #羽毛球训练 #羽毛球教学 #刘辉羽毛球","yes","4191 算是和上一个作品做呼应，巧妙的用肘带动手腕，是成为高手的必经之路#羽毛球 #羽毛球训练 #羽毛球教学 #刘辉羽毛球"
"7288529711267859747","https://www.douyin.com/video/7288529711267859747","2.1万 本视频适合进阶球友，可以收藏留着，师妹是我启蒙教练家的千金，全国大学生冠军@羽球小甜甜🦄 #羽毛球 #羽毛球教学 #羽毛球训练 #刘辉羽毛球","yes","共创 2.1万 本视频适合进阶球友，可以收藏留着，师妹是我启蒙教练家的千金，全国大学生冠军@羽球小甜甜🦄 #羽毛球 #羽毛球教学 #羽毛球训练 #刘辉羽毛球"
"7285935102666771727","https://www.douyin.com/video/7285935102666771727","忙里偷闲#羽毛球 #刘辉羽毛球 #羽毛球比赛 @抖音小助手","no","7913 忙里偷闲#羽毛球 #刘辉羽毛球 #羽毛球比赛 @抖音小助手"
"7284439456776506658","https://www.douyin.com/video/7284439456776506658","大拇指顶正面，第二个教练示范的使用率更高，两种都可以，第二种更高级#羽毛球 #羽毛球教学 #羽毛球训练 #刘辉羽毛球 @抖音小助手","yes","1.6万 大拇指顶正面，第二个教练示范的使用率更高，两种都可以，第二种更高级#羽毛球 #羽毛球教学 #羽毛球训练 #刘辉羽毛球 @抖音小助手"
"7281841831048924468","https://www.douyin.com/video/7281841831048924468","瞎玩的，轻喷，喜欢文案#羽毛球 #刘辉羽毛球","no","1.4万 瞎玩的，轻喷，喜欢文案#羽毛球 #刘辉羽毛球"
"7280727710740139264","https://www.douyin.com/video/7280727710740139264","后场就是刻意练的被动步法，不是不积极，主要练回动的节奏感#羽毛球 #羽毛球教学 #羽毛球训练 #刘辉羽毛球 @艾迪宝羽毛球发球机","yes","5.2万 后场就是刻意练的被动步法，不是不积极，主要练回动的节奏感#羽毛球 #羽毛球教学 #羽毛球训练 #刘辉羽毛球 @艾迪宝羽毛球发球机"
"7279243688423853347","https://www.douyin.com/video/7279243688423853347","反手的位置不同，握拍也不同哦#羽毛球 #羽毛球教学 #羽毛球训练 #刘辉羽毛球 @艾迪宝羽毛球发球机","yes","2.4万 反手的位置不同，握拍也不同哦#羽毛球 #羽毛球教学 #羽毛球训练 #刘辉羽毛球 @艾迪宝羽毛球发球机"
"7278130800220998946","https://www.douyin.com/video/7278130800220998946","一个小小的方向改变就可以让进攻衔接的更加流畅#羽毛球 #羽毛球教学 #羽毛球训练 #刘辉羽毛球 @艾迪宝羽毛球发球机","yes","4677 一个小小的方向改变就可以让进攻衔接的更加流畅#羽毛球 #羽毛球教学 #羽毛球训练 #刘辉羽毛球 @艾迪宝羽毛球发球机"
"7276646497377176872","https://www.douyin.com/video/7276646497377176872","大家不要误解了意思，是为了应急而已，展示是为了告诉大家原理，发球机是艾迪宝#羽毛球 #羽毛球教学 #羽毛球训练 #艾迪宝a260 #羽毛球发球机","yes","3944 大家不要误解了意思，是为了应急而已，展示是为了告诉大家原理，发球机是艾迪宝#羽毛球 #羽毛球教学 #羽毛球训练 #艾迪宝a260 #羽毛球发球机"
"7275536378321014051","https://www.douyin.com/video/7275536378321014051","大家练习的时候注意安全，一定多看两遍，发球机是艾迪宝@艾迪宝羽毛球发球机 #羽毛球 #羽毛球教学 #羽毛球训练 #刘辉羽毛球","yes","9202 大家练习的时候注意安全，一定多看两遍，发球机是艾迪宝@艾迪宝羽毛球发球机 #羽毛球 #羽毛球教学 #羽毛球训练 #刘辉羽毛球"
"7272944156618542336","https://www.douyin.com/video/7272944156618542336","大家不要断章取义，手的大小，手胶的粗细，协调性，爆发力人人都不一样，没有谁和谁的动作是完全一样的，抓住核心点，这个都一样#羽毛球 #羽毛球训练 #羽毛球教学 #刘辉羽毛球 @抖音小助手","yes","2.1万 大家不要断章取义，手的大小，手胶的粗细，协调性，爆发力人人都不一样，没有谁和谁的动作是完全一样的，抓住核心点，这个都一样#羽毛球 #羽毛球训练 #羽毛球教学 #刘辉羽毛球 @抖音小助手"
"7271452082337598760","https://www.douyin.com/video/7271452082337598760","课堂随录的，比平时唠叨些，需要的朋友自取#羽毛球 #羽毛球教学 #羽毛球训练 #刘辉羽毛球 @抖音小助手","yes","2.6万 课堂随录的，比平时唠叨些，需要的朋友自取#羽毛球 #羽毛球教学 #羽毛球训练 #刘辉羽毛球 @抖音小助手"
"7268853829746150671","https://www.douyin.com/video/7268853829746150671","这是天津青少年锦标赛决赛，孩子是12年的，球拍用的是大破拍，由于两个孩子都属于后备人才基地注册，所以教练们都没有上场指导，对面的小朋友非常的厉害，对手的教练也是我非常佩服的一位教练员，这次三局21比19侥幸取胜#羽毛球 #刘辉羽毛球 @抖音小助手","no","9415 这是天津青少年锦标赛决赛，孩子是12年的，球拍用的是大破拍，由于两个孩子都属于后备人才基地注册，所以教练们都没有上场指导，对面的小朋友非常的厉害，对手的教练也是我非常佩服的一位教练员，这次三局21比19侥幸取胜#羽毛球 #刘辉羽毛球 @抖音小助手"
"7267754640270216483","https://www.douyin.com/video/7267754640270216483","不是说所有的球都回中间，是在不被抢的情况下，中路有这样的效果，一定不要夸张，故意每一个都打中间，就摆脱，或者做球的时候来一个#羽毛球 #刘辉羽毛球 #羽毛球训练 #羽毛球教学 @抖音小助手","yes","6569 不是说所有的球都回中间，是在不被抢的情况下，中路有这样的效果，一定不要夸张，故意每一个都打中间，就摆脱，或者做球的时候来一个#羽毛球 #刘辉羽毛球 #羽毛球训练 #羽毛球教学 @抖音小助手"
"7265142606580026658","https://www.douyin.com/video/7265142606580026658","攻防转换的机会其实随时都有，就看我们能不能发现，总能发现的就可以称之为高手啦#羽毛球 #羽毛球训练 #羽毛球教学 #刘辉羽毛球 @抖音小助手","yes","1.4万 攻防转换的机会其实随时都有，就看我们能不能发现，总能发现的就可以称之为高手啦#羽毛球 #羽毛球训练 #羽毛球教学 #刘辉羽毛球 @抖音小助手"
"7263668594196745487","https://www.douyin.com/video/7263668594196745487","学会的动作实战中用不上，是因为缺少训练的过程，而这个过程的基础是框架的稳定#羽毛球 #刘辉羽毛球 #羽毛球教学 #羽毛球训练 @抖音小助手","yes","6433 学会的动作实战中用不上，是因为缺少训练的过程，而这个过程的基础是框架的稳定#羽毛球 #刘辉羽毛球 #羽毛球教学 #羽毛球训练 @抖音小助手"
"7262546080133401890","https://www.douyin.com/video/7262546080133401890","中路远网的博弈从民间一直到职业赛场，不要担心小孩听不懂，越不说越不懂#羽毛球 #刘辉羽毛球 #羽毛球训练 #羽毛球教学 @抖音小助手","yes","7347 中路远网的博弈从民间一直到职业赛场，不要担心小孩听不懂，越不说越不懂#羽毛球 #刘辉羽毛球 #羽毛球训练 #羽毛球教学 @抖音小助手"
"7259946986114190626","https://www.douyin.com/video/7259946986114190626","如果还在苍蝇拍打球的人，闪动回弹就像天书，所以不同阶段有不同的教学，先别急着否定，有没有可能是自己没理解到#羽毛球 #羽毛球训练 #羽毛球教学 #刘辉羽毛球 @抖音小助手","yes","7.9万 如果还在苍蝇拍打球的人，闪动回弹就像天书，所以不同阶段有不同的教学，先别急着否定，有没有可能是自己没理解到#羽毛球 #羽毛球训练 #羽毛球教学 #刘辉羽毛球 @抖音小助手"
"7258462271670586658","https://www.douyin.com/video/7258462271670586658","这种情况下是对方防守的好，过来的平，防远网转推的方法，如果有机会，还是越快抢点越高更好#羽毛球 #刘辉羽毛球 #羽毛球训练 #羽毛球教学 @抖音小助手","yes","8885 这种情况下是对方防守的好，过来的平，防远网转推的方法，如果有机会，还是越快抢点越高更好#羽毛球 #刘辉羽毛球 #羽毛球训练 #羽毛球教学 @抖音小助手"
"7254755365995285812","https://www.douyin.com/video/7254755365995285812","正手发小球的教学，以前的作品里有，没有好的发球，只有合适的发球#羽毛球 #刘辉羽毛球 #羽毛球教学 #迈倍力 @抖音小助手","yes","1.3万 正手发小球的教学，以前的作品里有，没有好的发球，只有合适的发球#羽毛球 #刘辉羽毛球 #羽毛球教学 #迈倍力 @抖音小助手"
"7252154554828033295","https://www.douyin.com/video/7252154554828033295","第一局双方都在摸索，失误都比较多，因为在引领节奏，所以我消耗更大，第二局都是多拍了，黄教练也在一直拆解我的球路，我14比12的多拍关键分没咬下来，导致被逆转，虽然没打决胜局，但是这场比赛基本已经在这一分输掉了，非常开心的一场切磋，视频制作5个小时，如果大家都能看懂，我在做第二局的技战术，不然太耗费精力，因为已经不是简单的技战术了，非常复杂#羽毛球 #刘辉羽毛球 @抖音小助手","yes","1.8万 第一局双方都在摸索，失误都比较多，因为在引领节奏，所以我消耗更大，第二局都是多拍了，黄教练也在一直拆解我的球路，我14比12的多拍关键分没咬下来，导致被逆转，虽然没打决胜局，但是这场比赛基本已经在这一分输掉了，非常开心的一场切磋，视频制作5个小时，如果大家都能看懂，我在做第二局的技战术，不然太耗费精力，因为已经不是简单的技战术了，非常复杂#羽毛球 #刘辉羽毛球 @抖音小助手"
"7249558167288335656","https://www.douyin.com/video/7249558167288335656","这次别再说对手弱了，很年轻的健将@源式羽球 比分一比一，黄教练那里也有他的视角可以看，期待下次分出胜负#羽毛球 #羽毛球教学 @抖音小助手","yes","2.7万 这次别再说对手弱了，很年轻的健将@源式羽球 比分一比一，黄教练那里也有他的视角可以看，期待下次分出胜负#羽毛球 #羽毛球教学 @抖音小助手"
"7248074193118547240","https://www.douyin.com/video/7248074193118547240","4.2万 三个教练各教一个地方，齐心协力做教学，欢迎黄教练来津#羽毛球 #羽毛球教学 #羽毛球训练 @抖音小助手","yes","共创 4.2万 三个教练各教一个地方，齐心协力做教学，欢迎黄教练来津#羽毛球 #羽毛球教学 #羽毛球训练 @抖音小助手"
"7246960976459730191","https://www.douyin.com/video/7246960976459730191","孩子站位比较靠前，没发太深，正手被动区细节非常多，有时间再一一介绍#羽毛球 #羽毛球训练 #羽毛球教学 #刘辉羽毛球 @抖音小助手","yes","1.4万 孩子站位比较靠前，没发太深，正手被动区细节非常多，有时间再一一介绍#羽毛球 #羽毛球训练 #羽毛球教学 #刘辉羽毛球 @抖音小助手"
"7245471347210554639","https://www.douyin.com/video/7245471347210554639","对面确实不强，不然也秀不动，喜欢的动作留言我出教学，今天成人集训班开营，暂停直播一次，大家见谅#羽毛球 #刘辉羽毛球 @抖音小助手","yes","7865 对面确实不强，不然也秀不动，喜欢的动作留言我出教学，今天成人集训班开营，暂停直播一次，大家见谅#羽毛球 #刘辉羽毛球 @抖音小助手"
"7244368607319280931","https://www.douyin.com/video/7244368607319280931","1.3万 每周最开心的就是能打打球，虽然天天在球场，但是打球是奢饰品#羽毛球 #刘辉羽毛球 @抖音小助手","no","共创 1.3万 每周最开心的就是能打打球，虽然天天在球场，但是打球是奢饰品#羽毛球 #刘辉羽毛球 @抖音小助手"
"7242877295336164642","https://www.douyin.com/video/7242877295336164642","1.0万 我知道很多人学不会握拍，是不知道虎口具体是哪里，这次你们会了吗？#羽毛球 #羽毛球教学 #刘辉羽毛球 @抖音小助手","yes","共创 1.0万 我知道很多人学不会握拍，是不知道虎口具体是哪里，这次你们会了吗？#羽毛球 #羽毛球教学 #刘辉羽毛球 @抖音小助手"
"7241764822675754292","https://www.douyin.com/video/7241764822675754292","祝高考学子高考顺利，拿出打球的精神，球不落地不放弃，铃声不响不停笔#羽毛球 #刘辉羽毛球 @抖音小助手","no","9592 祝高考学子高考顺利，拿出打球的精神，球不落地不放弃，铃声不响不停笔#羽毛球 #刘辉羽毛球 @抖音小助手"
"7241053732916596026","https://www.douyin.com/video/7241053732916596026","5138 #羽毛球 #技术分享 说好的技术假动作比赛@脏教练羽毛球（专教双打） 你搁这玩假摔是吧？#体育精神 #运动 #打球的男孩 @刘辉羽毛球","yes","共创 5138 #羽毛球 #技术分享 说好的技术假动作比赛@脏教练羽毛球（专教双打） 你搁这玩假摔是吧？#体育精神 #运动 #打球的男孩 @刘辉羽毛球"
"7240362453199097147","https://www.douyin.com/video/7240362453199097147","1.1万 #羽毛球 假动作比赛我还没怕过谁，让大家看看谁是假动作之王。#羽毛球技术 #假动作","yes","共创 1.1万 #羽毛球 假动作比赛我还没怕过谁，让大家看看谁是假动作之王。#羽毛球技术 #假动作"
"7239168493294226740","https://www.douyin.com/video/7239168493294226740","低价位中的悍匪，全网都在试的小钢炮，有3种参数，推荐45，晚上请李宁球拍之父，莅临直播间#羽毛球 #羽毛球训练 #羽毛球教学 #刘辉羽毛球 @抖音小助手","yes","1.0万 低价位中的悍匪，全网都在试的小钢炮，有3种参数，推荐45，晚上请李宁球拍之父，莅临直播间#羽毛球 #羽毛球训练 #羽毛球教学 #刘辉羽毛球 @抖音小助手"
"7236568825607621922","https://www.douyin.com/video/7236568825607621922","1.5万 训练方法由我的师弟@Y 提供，亲测真实有效#羽毛球 #羽毛球训练 #羽毛球教学 #刘辉羽毛球 @艾迪宝羽毛球发球机","yes","共创 1.5万 训练方法由我的师弟@Y 提供，亲测真实有效#羽毛球 #羽毛球训练 #羽毛球教学 #刘辉羽毛球 @艾迪宝羽毛球发球机"
"7235084849025912096","https://www.douyin.com/video/7235084849025912096","小细节，可以增加滑拍的挥速#羽毛球 #羽毛球教学 #羽毛球训练 #刘辉羽毛球 @艾迪宝羽毛球发球机","yes","1.4万 小细节，可以增加滑拍的挥速#羽毛球 #羽毛球教学 #羽毛球训练 #刘辉羽毛球 @艾迪宝羽毛球发球机"
"7233972650597502212","https://www.douyin.com/video/7233972650597502212","好多天没打过球了#羽毛球 #刘辉羽毛球 @抖音小助手","no","9535 好多天没打过球了#羽毛球 #刘辉羽毛球 @抖音小助手"
"7231756210494557500","https://www.douyin.com/video/7231756210494557500","9597 #羽毛球 来检验检验刘辉教练学员的防守实力咋样#羽毛球培训 #一起打羽毛球","no","共创 9597 #羽毛球 来检验检验刘辉教练学员的防守实力咋样#羽毛球培训 #一起打羽毛球"
"7231384286954409271","https://www.douyin.com/video/7231384286954409271","3080 #羽毛球 知道什么叫做专业级的教学水平吗#的幸 #黄厂 #运动","yes","共创 3080 #羽毛球 知道什么叫做专业级的教学水平吗#的幸 #黄厂 #运动"
"7231373527314631947","https://www.douyin.com/video/7231373527314631947","不是说勾球不能带过去，是不能大臂和球拍一起过去，如果学不会，就先练简单的勾球，这属于进阶#羽毛球 #羽毛球教学 #羽毛球训练 #刘辉羽毛球 @艾迪宝羽毛球发球机","yes","6619 不是说勾球不能带过去，是不能大臂和球拍一起过去，如果学不会，就先练简单的勾球，这属于进阶#羽毛球 #羽毛球教学 #羽毛球训练 #刘辉羽毛球 @艾迪宝羽毛球发球机"
"7229889111706848544","https://www.douyin.com/video/7229889111706848544","这属于为了下一拍更好衔接的步法，也是使用率最高的#羽毛球 #羽毛球教学 #羽毛球训练 #刘辉羽毛球 @艾迪宝羽毛球发球机","yes","8796 这属于为了下一拍更好衔接的步法，也是使用率最高的#羽毛球 #羽毛球教学 #羽毛球训练 #刘辉羽毛球 @艾迪宝羽毛球发球机"
"7229506261136526647","https://www.douyin.com/video/7229506261136526647","8615 #羽毛球 大家觉得这杀球教的怎么样？ #是时候展现真正的技术了 @杨晨大神全能管家 @杨晨大神直播号","yes","共创 8615 #羽毛球 大家觉得这杀球教的怎么样？ #是时候展现真正的技术了 @杨晨大神全能管家 @杨晨大神直播号"
"7226178331408928038","https://www.douyin.com/video/7226178331408928038","对面挡网直接挑球就行了，对面如果站直线可以直接变线#羽毛球 #羽毛球教学 #羽毛球训练 #刘辉羽毛球 @抖音小助手","yes","3.6万 对面挡网直接挑球就行了，对面如果站直线可以直接变线#羽毛球 #羽毛球教学 #羽毛球训练 #刘辉羽毛球 @抖音小助手"
"7224696700038941991","https://www.douyin.com/video/7224696700038941991","慎重选择，新手雷区，必须4u。#羽毛球 #刘辉羽毛球 #羽毛球装备 #李宁雷霆100 @抖音小助手","no","1.6万 慎重选择，新手雷区，必须4u。#羽毛球 #刘辉羽毛球 #羽毛球装备 #李宁雷霆100 @抖音小助手"
"7223584265072692518","https://www.douyin.com/video/7223584265072692518","晚上直播带雷霆100测评#羽毛球 #羽毛球训练 #刘辉羽毛球 @抖音小助手","yes","7151 晚上直播带雷霆100测评#羽毛球 #羽毛球训练 #刘辉羽毛球 @抖音小助手"
"7221050654331096378","https://www.douyin.com/video/7221050654331096378","4170 #羽毛球 为了推广羽毛球，大学老师都不当了！这样的魄力谁有？ #推广 #大学老师 @刘辉羽毛球","no","共创 4170 #羽毛球 为了推广羽毛球，大学老师都不当了！这样的魄力谁有？ #推广 #大学老师 @刘辉羽毛球"
"7220984919747497255","https://www.douyin.com/video/7220984919747497255","正确的站位和框架摆放可以降低动作的难度#羽毛球 #羽毛球教学 #羽毛球训练 #刘辉羽毛球 @抖音小助手","yes","7942 正确的站位和框架摆放可以降低动作的难度#羽毛球 #羽毛球教学 #羽毛球训练 #刘辉羽毛球 @抖音小助手"
"7220630996293635385","https://www.douyin.com/video/7220630996293635385","2.5万 #羽毛球 三个品牌代表搓球大比拼，看看谁能笑到最后？#运动装备 #好物推荐 #PK","yes","共创 2.5万 #羽毛球 三个品牌代表搓球大比拼，看看谁能笑到最后？#运动装备 #好物推荐 #PK"
"7218386274690796832","https://www.douyin.com/video/7218386274690796832","4u小破拍，测试完毕，无脑入就行了，第二批很快就位，先上5u的，我到时候再试试#羽毛球 #羽毛球训练 #刘辉羽毛球 @抖音小助手","yes","1.4万 4u小破拍，测试完毕，无脑入就行了，第二批很快就位，先上5u的，我到时候再试试#羽毛球 #羽毛球训练 #刘辉羽毛球 @抖音小助手"
"7215787369381858599","https://www.douyin.com/video/7215787369381858599","训练都是实录，按理说时间得控制在两分钟之内，不然就没人看了#羽毛球 #羽毛球教学 #羽毛球训练 #刘辉羽毛球 @抖音小助手","yes","2.2万 训练都是实录，按理说时间得控制在两分钟之内，不然就没人看了#羽毛球 #羽毛球教学 #羽毛球训练 #刘辉羽毛球 @抖音小助手"
"7214304020775652620","https://www.douyin.com/video/7214304020775652620","动作，击球点，握拍，步法，对于反手滑板这种难度高的动作都不是最重要的，必会的决心才是最重要的#羽毛球 #羽毛球训练 #羽毛球教学 #刘辉羽毛球 @抖音小助手","yes","1.1万 动作，击球点，握拍，步法，对于反手滑板这种难度高的动作都不是最重要的，必会的决心才是最重要的#羽毛球 #羽毛球训练 #羽毛球教学 #刘辉羽毛球 @抖音小助手"
"7213191190382972172","https://www.douyin.com/video/7213191190382972172","正常击球位置的握拍，没有商量的，特殊位置有可能会握拍微调#羽毛球 #羽毛球教学 #羽毛球训练 #刘辉羽毛球 @抖音小助手","yes","9555 正常击球位置的握拍，没有商量的，特殊位置有可能会握拍微调#羽毛球 #羽毛球教学 #羽毛球训练 #刘辉羽毛球 @抖音小助手"
"7211705676840602918","https://www.douyin.com/video/7211705676840602918","别在说我不发初级教学啦，方法简单高效，刚好虎口对的拍框内侧，快发给你的伙伴们看吧#羽毛球教学 #羽毛球 #羽毛球训练 #刘辉羽毛球 @抖音小助手","yes","8639 别在说我不发初级教学啦，方法简单高效，刚好虎口对的拍框内侧，快发给你的伙伴们看吧#羽毛球教学 #羽毛球 #羽毛球训练 #刘辉羽毛球 @抖音小助手"
"7210592889141775627","https://www.douyin.com/video/7210592889141775627","1.4万 一个好搭档真是省劲儿#羽毛球 #羽毛球教学 #刘辉羽毛球 @抖音小助手","yes","共创 1.4万 一个好搭档真是省劲儿#羽毛球 #羽毛球教学 #刘辉羽毛球 @抖音小助手"
"7209108124924464387","https://www.douyin.com/video/7209108124924464387","1.5万 我和大家一样，也彻夜的迷茫过动作，我希望你们因为认识我，而少走弯路，撅手腕是不可能的#羽毛球 #刘辉羽毛球 #羽毛球训练 #羽毛球教学 @抖音小助手","yes","共创 1.5万 我和大家一样，也彻夜的迷茫过动作，我希望你们因为认识我，而少走弯路，撅手腕是不可能的#羽毛球 #刘辉羽毛球 #羽毛球训练 #羽毛球教学 @抖音小助手"
"7208031152509177100","https://www.douyin.com/video/7208031152509177100","鞋子是刀锋的卯兔，兔年穿兔鞋，跳起来，白鞋贴胶布，不仔细看不出来#刘辉羽毛球 #羽毛球 @抖音小助手 @李宁羽毛球","no","3558 鞋子是刀锋的卯兔，兔年穿兔鞋，跳起来，白鞋贴胶布，不仔细看不出来#刘辉羽毛球 #羽毛球 @抖音小助手 @李宁羽毛球"
"7206510177317702924","https://www.douyin.com/video/7206510177317702924","打出一个能高兴一天的学，备战世界公开赛的不要学哦#羽毛球 #羽毛球训练 #羽毛球教学 #刘辉羽毛球 @抖音小助手","yes","1.7万 打出一个能高兴一天的学，备战世界公开赛的不要学哦#羽毛球 #羽毛球训练 #羽毛球教学 #刘辉羽毛球 @抖音小助手"
"7205399670959459623","https://www.douyin.com/video/7205399670959459623","压抽才是双打的主旋律，没人一上来就挑给你#羽毛球 #刘辉羽毛球 #羽毛球训练 #羽毛球教学 @抖音小助手","yes","6556 压抽才是双打的主旋律，没人一上来就挑给你#羽毛球 #刘辉羽毛球 #羽毛球训练 #羽毛球教学 @抖音小助手"
"7203915168244452640","https://www.douyin.com/video/7203915168244452640","直播的时候，这次没人说蒙到一下而已了吧#羽毛球 #刘辉羽毛球 #如何用自己的专业耍酷 @抖音小助手","no","4722 直播的时候，这次没人说蒙到一下而已了吧#羽毛球 #刘辉羽毛球 #如何用自己的专业耍酷 @抖音小助手"
"7203541969530883361","https://www.douyin.com/video/7203541969530883361","针对会快出手的朋友们，不会的得先学出手技术#羽毛球 #羽毛球训练 #羽毛球教学 #刘辉羽毛球 @抖音小助手","yes","2.1万 针对会快出手的朋友们，不会的得先学出手技术#羽毛球 #羽毛球训练 #羽毛球教学 #刘辉羽毛球 @抖音小助手"
"7202800263588105510","https://www.douyin.com/video/7202800263588105510","还有胳膊千万不能绷直，自然伸直就好#羽毛球 #羽毛球教学 #羽毛球训练 #刘辉羽毛球 @抖音小助手","yes","2.9万 还有胳膊千万不能绷直，自然伸直就好#羽毛球 #羽毛球教学 #羽毛球训练 #刘辉羽毛球 @抖音小助手"
"7200944470446050599","https://www.douyin.com/video/7200944470446050599","这种天然教研有人看嘛？对方直线可以回，就是威胁会很小#羽毛球 #羽毛球训练 #羽毛球教学 #刘辉羽毛球 @抖音小助手","yes","1.2万 这种天然教研有人看嘛？对方直线可以回，就是威胁会很小#羽毛球 #羽毛球训练 #羽毛球教学 #刘辉羽毛球 @抖音小助手"
"7200204622852623628","https://www.douyin.com/video/7200204622852623628","这次确实是恢复局了，晚上直播#羽毛球 #羽毛球训练 #刘辉羽毛球 @抖音小助手","yes","1.1万 这次确实是恢复局了，晚上直播#羽毛球 #羽毛球训练 #刘辉羽毛球 @抖音小助手"
"7197605327993310467","https://www.douyin.com/video/7197605327993310467","弟弟脚伤初愈，帮他恢复一下，恢复到重新治疗了，重点远网搓球的成功率#羽毛球 #羽毛球训练 #羽毛球教学 #刘辉羽毛球 @抖音小助手","yes","4871 弟弟脚伤初愈，帮他恢复一下，恢复到重新治疗了，重点远网搓球的成功率#羽毛球 #羽毛球训练 #羽毛球教学 #刘辉羽毛球 @抖音小助手"
"7195014413932367116","https://www.douyin.com/video/7195014413932367116","解题思路，遇到高质量防守且自己冲劲儿过猛，可以使用停顿技术重新回到拉吊节奏#羽毛球 #羽毛球教学 #羽毛球训练 #刘辉羽毛球 @抖音小助手","yes","2.6万 解题思路，遇到高质量防守且自己冲劲儿过猛，可以使用停顿技术重新回到拉吊节奏#羽毛球 #羽毛球教学 #羽毛球训练 #刘辉羽毛球 @抖音小助手"
"7193522990552780036","https://www.douyin.com/video/7193522990552780036","我想意思一下算了，兄弟们不让啊，就要打，不打就是不当兄弟，现在大家都是这种需求了吗#羽毛球 #刘辉羽毛球 @抖音小助手","no","7261 我想意思一下算了，兄弟们不让啊，就要打，不打就是不当兄弟，现在大家都是这种需求了吗#羽毛球 #刘辉羽毛球 @抖音小助手"
"7193151905139395872","https://www.douyin.com/video/7193151905139395872","今天恢复直播。就算压不住，也有效果，遇到平高有条件直接反加速#羽毛球 #羽毛球教学 #羽毛球训练 #刘辉羽毛球 @抖音小助手","yes","1.1万 今天恢复直播。就算压不住，也有效果，遇到平高有条件直接反加速#羽毛球 #羽毛球教学 #羽毛球训练 #刘辉羽毛球 @抖音小助手"
"7189812762409782539","https://www.douyin.com/video/7189812762409782539","指似铁，腕如棉，拍臂为鞭#羽毛球 #羽毛球教学 #羽毛球训练 #刘辉羽毛球 @抖音小助手","yes","2.2万 指似铁，腕如棉，拍臂为鞭#羽毛球 #羽毛球教学 #羽毛球训练 #刘辉羽毛球 @抖音小助手"
"7185744630439333153","https://www.douyin.com/video/7185744630439333153","🐏后第一场单打，大家想看我打对抗，可是对抗视频时间太长了，没人看的#羽毛球 #单打 #刘辉羽毛球 @抖音小助手","yes","1.9万 🐏后第一场单打，大家想看我打对抗，可是对抗视频时间太长了，没人看的#羽毛球 #单打 #刘辉羽毛球 @抖音小助手"
"7185360811248864544","https://www.douyin.com/video/7185360811248864544","就像跑步重心要在前面，倒退跑重心要在后面一样#羽毛球 #羽毛球教学 #羽毛球训练 #刘辉羽毛球 @抖音小助手","yes","8741 就像跑步重心要在前面，倒退跑重心要在后面一样#羽毛球 #羽毛球教学 #羽毛球训练 #刘辉羽毛球 @抖音小助手"
"7184618028619910433","https://www.douyin.com/video/7184618028619910433","1.6万 各位不要钻牛角尖里，哪条腿都可以作为发力的源头，只要实际情况允许#羽毛球 #羽毛球教学 #羽毛球训练 #刘辉羽毛球 @抖音小助手","yes","共创 1.6万 各位不要钻牛角尖里，哪条腿都可以作为发力的源头，只要实际情况允许#羽毛球 #羽毛球教学 #羽毛球训练 #刘辉羽毛球 @抖音小助手"
"7183132124801682726","https://www.douyin.com/video/7183132124801682726","这个配乐我也得跟啊，这周恢复一下，下周继续更新大家喜欢的系列#羽毛球 #羽毛球教学 #羽毛球训练 #刘辉羽毛球 @抖音小助手","yes","3974 这个配乐我也得跟啊，这周恢复一下，下周继续更新大家喜欢的系列#羽毛球 #羽毛球教学 #羽毛球训练 #刘辉羽毛球 @抖音小助手"
"7182762294294744332","https://www.douyin.com/video/7182762294294744332","阳康后，兄弟们一个月先练技术，别上强度哦，我也先从手感恢复#羽毛球 #羽毛球教学 #羽毛球训练 #刘辉羽毛球 @抖音小助手","yes","4826 阳康后，兄弟们一个月先练技术，别上强度哦，我也先从手感恢复#羽毛球 #羽毛球教学 #羽毛球训练 #刘辉羽毛球 @抖音小助手"
"7182019728024538380","https://www.douyin.com/video/7182019728024538380","所谓步法的弹性，无非就是提升我们的蹬，跨，跳，细节决定成败#羽毛球 #羽毛球教学 #羽毛球训练 #刘辉羽毛球 @抖音小助手","yes","2.1万 所谓步法的弹性，无非就是提升我们的蹬，跨，跳，细节决定成败#羽毛球 #羽毛球教学 #羽毛球训练 #刘辉羽毛球 @抖音小助手"
"7180535203050343691","https://www.douyin.com/video/7180535203050343691","🐏了，刚好，恢复直播","no","9087 🐏了，刚好，恢复直播"
"7175339579392707878","https://www.douyin.com/video/7175339579392707878","现场嘈杂，说话声音大了点，各位见谅#羽毛球 #羽毛球训练 #羽毛球教学 #刘辉羽毛球 @抖音小助手","yes","8190 现场嘈杂，说话声音大了点，各位见谅#羽毛球 #羽毛球训练 #羽毛球教学 #刘辉羽毛球 @抖音小助手"
"7174969770511551756","https://www.douyin.com/video/7174969770511551756","承认被动，是一件很难的事#羽毛球 #羽毛球教学 #羽毛球训练 @抖音小助手 #刘辉羽毛球","yes","5.8万 承认被动，是一件很难的事#羽毛球 #羽毛球教学 #羽毛球训练 @抖音小助手 #刘辉羽毛球"
"7174229898238676228","https://www.douyin.com/video/7174229898238676228","音乐归途有风，让我唤各位走弯路的朋友回来😂#羽毛球 #羽毛球教学 #羽毛球训练 #刘辉羽毛球 @抖音小助手","yes","1.3万 音乐归途有风，让我唤各位走弯路的朋友回来😂#羽毛球 #羽毛球教学 #羽毛球训练 #刘辉羽毛球 @抖音小助手"
"7172742523096517927","https://www.douyin.com/video/7172742523096517927","腿蹬地，指发力#羽毛球教学 #羽毛球 #羽毛球训练 #刘辉羽毛球 @抖音小助手","yes","2.5万 腿蹬地，指发力#羽毛球教学 #羽毛球 #羽毛球训练 #刘辉羽毛球 @抖音小助手"
"7170144521781562662","https://www.douyin.com/video/7170144521781562662","一切的根源都是大臂走的太多失去了甩小臂的目的#羽毛球 #羽毛球教学 #羽毛球训练 #刘辉羽毛球 @抖音小助手","yes","1.4万 一切的根源都是大臂走的太多失去了甩小臂的目的#羽毛球 #羽毛球教学 #羽毛球训练 #刘辉羽毛球 @抖音小助手"
"7169772952039345411","https://www.douyin.com/video/7169772952039345411","腰腹有带动，引拍会因为惯性自然出现，出拍轨迹就正了，出手速度也快了#羽毛球 #羽毛球教学 #羽毛球训练 #刘辉羽毛球 @抖音小助手","yes","1.0万 腰腹有带动，引拍会因为惯性自然出现，出拍轨迹就正了，出手速度也快了#羽毛球 #羽毛球教学 #羽毛球训练 #刘辉羽毛球 @抖音小助手"
"7169038502280154380","https://www.douyin.com/video/7169038502280154380","对付速度快的对手用，速度慢的就直接抢#羽毛球 #羽毛球教学 #羽毛球训练 #刘辉羽毛球 @抖音小助手","yes","2.7万 对付速度快的对手用，速度慢的就直接抢#羽毛球 #羽毛球教学 #羽毛球训练 #刘辉羽毛球 @抖音小助手"
"7167546787073477900","https://www.douyin.com/video/7167546787073477900","挂臂三招，由我腿伤时所创，专门用于步法慢的或者懒得动的人，属于绝活技能，绝对不伤腕，想学哪个？还有我是正经教还是扫着地教？#羽毛球 #羽毛球教学 #羽毛球训练 #刘辉羽毛球 @抖音小助手","yes","4.4万 挂臂三招，由我腿伤时所创，专门用于步法慢的或者懒得动的人，属于绝活技能，绝对不伤腕，想学哪个？还有我是正经教还是扫着地教？#羽毛球 #羽毛球教学 #羽毛球训练 #刘辉羽毛球 @抖音小助手"
"7167176069978623236","https://www.douyin.com/video/7167176069978623236","扫地扫不动了，来集教学吧#羽毛球 #羽毛球教学 #羽毛球训练 #刘辉羽毛球 @抖音小助手","yes","2.5万 扫地扫不动了，来集教学吧#羽毛球 #羽毛球教学 #羽毛球训练 #刘辉羽毛球 @抖音小助手"
"7166433980986756384","https://www.douyin.com/video/7166433980986756384","生活中很多事情都可以映射到动作中，可是反过来呢？一个行业那么多人，希望也能做到并存不悖，兼容并蓄，就算当一个愿望，也不能停止对这个愿望的追求，因为这样可以让热爱运动的人和孩子们受益，你们说呢？#羽毛球 #羽毛球教学 #羽毛球训练 #刘辉羽毛球 @抖音小助手","yes","1.8万 生活中很多事情都可以映射到动作中，可是反过来呢？一个行业那么多人，希望也能做到并存不悖，兼容并蓄，就算当一个愿望，也不能停止对这个愿望的追求，因为这样可以让热爱运动的人和孩子们受益，你们说呢？#羽毛球 #羽毛球教学 #羽毛球训练 #刘辉羽毛球 @抖音小助手"
"7164948889630493991","https://www.douyin.com/video/7164948889630493991","第二集来啦，很多朋友动作都是对的，就是做不好，也许就差一点小细节，这个小细节改正很简单，可是发现很难#羽毛球 #羽毛球教学 #羽毛球训练 #刘辉羽毛球 @抖音小助手","yes","2.0万 第二集来啦，很多朋友动作都是对的，就是做不好，也许就差一点小细节，这个小细节改正很简单，可是发现很难#羽毛球 #羽毛球教学 #羽毛球训练 #刘辉羽毛球 @抖音小助手"
"7163836275487804676","https://www.douyin.com/video/7163836275487804676","最容易忽略的发力小细节，还有好为人师，有人喜欢有人讨厌，所以平时打球更多的时候大家选择的大多都是沉默#羽毛球 #羽毛球教学 #羽毛球训练 #刘辉羽毛球 @抖音小助手","yes","3.7万 最容易忽略的发力小细节，还有好为人师，有人喜欢有人讨厌，所以平时打球更多的时候大家选择的大多都是沉默#羽毛球 #羽毛球教学 #羽毛球训练 #刘辉羽毛球 @抖音小助手"
"7161980324409363712","https://www.douyin.com/video/7161980324409363712","兄弟们，学不会起跳的，咱们先来个引导版吧，自己打个几次就会正式的了#羽毛球 #羽毛球教学 #羽毛球训练 #刘辉羽毛球 @抖音小助手","yes","1.4万 兄弟们，学不会起跳的，咱们先来个引导版吧，自己打个几次就会正式的了#羽毛球 #羽毛球教学 #羽毛球训练 #刘辉羽毛球 @抖音小助手"
"7161238195764464930","https://www.douyin.com/video/7161238195764464930","天凉了，这个热身膏真不错，养护还能增加热身效果#羽毛球 #刘辉羽毛球 #迈倍力 @抖音小助手","no","1.1万 天凉了，这个热身膏真不错，养护还能增加热身效果#羽毛球 #刘辉羽毛球 #迈倍力 @抖音小助手"
"7159754364297448715","https://www.douyin.com/video/7159754364297448715","今天不发教学了，受不了你们对我的称呼了，瘦是瘦，筋骨肉！！！#羽毛球 #刘辉羽毛球 @抖音小助手","yes","2.4万 今天不发教学了，受不了你们对我的称呼了，瘦是瘦，筋骨肉！！！#羽毛球 #刘辉羽毛球 @抖音小助手"
"7159382785092783375","https://www.douyin.com/video/7159382785092783375","视频中画线的地方是拍柄八边形最窄的两条棱，战戟8000真是狠，不亏是宝哥的拍#羽毛球 #战戟8000 #羽毛球教学 #刘辉羽毛球 @李宁羽毛球 @抖音小助手","yes","3.9万 视频中画线的地方是拍柄八边形最窄的两条棱，战戟8000真是狠，不亏是宝哥的拍#羽毛球 #战戟8000 #羽毛球教学 #刘辉羽毛球 @李宁羽毛球 @抖音小助手"
"7158640349798255907","https://www.douyin.com/video/7158640349798255907","其实接慢节奏，是很难找到启动点的#羽毛球 #羽毛球教学 #羽毛球训练 #刘辉羽毛球 @抖音小助手","yes","5813 其实接慢节奏，是很难找到启动点的#羽毛球 #羽毛球教学 #羽毛球训练 #刘辉羽毛球 @抖音小助手"
"7157156135538134307","https://www.douyin.com/video/7157156135538134307","没有孩子一教就会，都剪辑掉了，费老劲了#羽毛球 #羽毛球教学 #羽毛球训练 #刘辉羽毛球 @抖音小助手","yes","4613 没有孩子一教就会，都剪辑掉了，费老劲了#羽毛球 #羽毛球教学 #羽毛球训练 #刘辉羽毛球 @抖音小助手"
"7156785188884778275","https://www.douyin.com/video/7156785188884778275","左脚在前的缺点是没办法做蹬转类的头顶步法，但是这种情况利大于弊#羽毛球 #羽毛球教学 #羽毛球训练 #刘辉羽毛球 @抖音小助手","yes","1.5万 左脚在前的缺点是没办法做蹬转类的头顶步法，但是这种情况利大于弊#羽毛球 #羽毛球教学 #羽毛球训练 #刘辉羽毛球 @抖音小助手"
"7156043406962134306","https://www.douyin.com/video/7156043406962134306","本视频适合已经掌握一定程度，就差临门一脚的球友朋友们#羽毛球 #羽毛球教学 #羽毛球训练 #刘辉羽毛球 @抖音小助手","yes","6.2万 本视频适合已经掌握一定程度，就差临门一脚的球友朋友们#羽毛球 #羽毛球教学 #羽毛球训练 #刘辉羽毛球 @抖音小助手"
"7154558892742151464","https://www.douyin.com/video/7154558892742151464","一句话，挡的近，人往前走。挡的远，不要动#羽毛球 #羽毛球教学 #羽毛球训练 #刘辉羽毛球 @抖音小助手","yes","8353 一句话，挡的近，人往前走。挡的远，不要动#羽毛球 #羽毛球教学 #羽毛球训练 #刘辉羽毛球 @抖音小助手"
"7154187492487335203","https://www.douyin.com/video/7154187492487335203","在快节奏中不能浪费一点时间#羽毛球 #羽毛球训练 #羽毛球教学 #刘辉羽毛球 @抖音小助手","yes","7.2万 在快节奏中不能浪费一点时间#羽毛球 #羽毛球训练 #羽毛球教学 #刘辉羽毛球 @抖音小助手"
"7153445193713290511","https://www.douyin.com/video/7153445193713290511","被动肯定要发力，但是要把力量使用在挥拍的速度上，而不是动作的幅度#羽毛球 #羽毛球训练 #羽毛球教学 #刘辉羽毛球 @抖音小助手","yes","1.2万 被动肯定要发力，但是要把力量使用在挥拍的速度上，而不是动作的幅度#羽毛球 #羽毛球训练 #羽毛球教学 #刘辉羽毛球 @抖音小助手"
"7151961376448138531","https://www.douyin.com/video/7151961376448138531","安排，正反手一起#羽毛球教学 #羽毛球训练 #羽毛球 #刘辉羽毛球 @抖音小助手","yes","2.2万 安排，正反手一起#羽毛球教学 #羽毛球训练 #羽毛球 #刘辉羽毛球 @抖音小助手"
"7151589626031901992","https://www.douyin.com/video/7151589626031901992","兄弟们好久没安排假动作了，安排一波#羽毛球 #羽毛球训练 #羽毛球教学 #刘辉羽毛球 @抖音小助手","yes","7723 兄弟们好久没安排假动作了，安排一波#羽毛球 #羽毛球训练 #羽毛球教学 #刘辉羽毛球 @抖音小助手"
"7150847019320429839","https://www.douyin.com/video/7150847019320429839","跳出束缚，灵活握拍#羽毛球 #羽毛球训练 #羽毛球教学 #刘辉羽毛球 @抖音小助手","yes","5759 跳出束缚，灵活握拍#羽毛球 #羽毛球训练 #羽毛球教学 #刘辉羽毛球 @抖音小助手"
"7149363344649047311","https://www.douyin.com/video/7149363344649047311","大家找找有没有违例#羽毛球 #刘辉羽毛球 #羽毛球教学 #羽毛球训练 @抖音小助手","yes","3096 大家找找有没有违例#羽毛球 #刘辉羽毛球 #羽毛球教学 #羽毛球训练 @抖音小助手"
"7148990784363138344","https://www.douyin.com/video/7148990784363138344","身体是歪的作用，1腰腹纵向发力成功介入，2肩膀和肘顶起来拿到了高点，3手臂和脸有了自然距离#羽毛球 #羽毛球教学 #羽毛球训练 #刘辉羽毛球 @抖音小助手","yes","1.9万 身体是歪的作用，1腰腹纵向发力成功介入，2肩膀和肘顶起来拿到了高点，3手臂和脸有了自然距离#羽毛球 #羽毛球教学 #羽毛球训练 #刘辉羽毛球 @抖音小助手"
"7148267452877638944","https://www.douyin.com/video/7148267452877638944","这种球对方太主动，等球不转了在打也不行，点就太低了#羽毛球 #羽毛球教学 #刘辉羽毛球 #羽毛球训练 @抖音小助手","yes","5598 这种球对方太主动，等球不转了在打也不行，点就太低了#羽毛球 #羽毛球教学 #刘辉羽毛球 #羽毛球训练 @抖音小助手"
"7146762792438074665","https://www.douyin.com/video/7146762792438074665","握拍从准备握拍，向右旋转直至虎口对着正拍面，或接近正拍面#羽毛球 #羽毛球教学 #刘辉羽毛球 @抖音小助手","yes","4255 握拍从准备握拍，向右旋转直至虎口对着正拍面，或接近正拍面#羽毛球 #羽毛球教学 #刘辉羽毛球 @抖音小助手"
"7146394347586587919","https://www.douyin.com/video/7146394347586587919","9976 羽毛球的防守其实打起来比进攻还爽😅#羽毛球 #羽毛球训练 #刘辉羽毛球 @抖音小助手","yes","共创 9976 羽毛球的防守其实打起来比进攻还爽😅#羽毛球 #羽毛球训练 #刘辉羽毛球 @抖音小助手"
"7145708380047297833","https://www.douyin.com/video/7145708380047297833","兄弟们也可以看往期的手指发力，贴球发力来做铺垫#羽毛球 #羽毛球教学 #羽毛球训练 #刘辉羽毛球 @抖音小助手","yes","6757 兄弟们也可以看往期的手指发力，贴球发力来做铺垫#羽毛球 #羽毛球教学 #羽毛球训练 #刘辉羽毛球 @抖音小助手"
"7144168689510649128","https://www.douyin.com/video/7144168689510649128","贴网球需要一定的抛物线，所以这样的高度不算高，有人守在网前就不要搓了#羽毛球 #羽毛球教学 #刘辉羽毛球 @抖音小助手","yes","6096 贴网球需要一定的抛物线，所以这样的高度不算高，有人守在网前就不要搓了#羽毛球 #羽毛球教学 #刘辉羽毛球 @抖音小助手"
"7143811094698528040","https://www.douyin.com/video/7143811094698528040","球来了先接球，不要管身体怎么停下。 事来了先解决，不要问为什么不公平。#羽毛球 #羽毛球训练 #刘辉羽毛球 @抖音小助手","yes","4053 球来了先接球，不要管身体怎么停下。 事来了先解决，不要问为什么不公平。#羽毛球 #羽毛球训练 #刘辉羽毛球 @抖音小助手"
"7143055226063326499","https://www.douyin.com/video/7143055226063326499","9.7万 两步一冲，纯享升级版，后面有彩蛋","no","共创 9.7万 两步一冲，纯享升级版，后面有彩蛋"
"7142313105324870950","https://www.douyin.com/video/7142313105324870950","1.9万 s上网小飞侠“两步一冲”，曹植当年要有这样的七步早就蹬出皇宫了！#羽毛球步伐 #羽毛球教学 @抖音热点宝","yes","共创 1.9万 s上网小飞侠“两步一冲”，曹植当年要有这样的七步早就蹬出皇宫了！#羽毛球步伐 #羽毛球教学 @抖音热点宝"
"7141570854437063977","https://www.douyin.com/video/7141570854437063977","总结，看对方的重心有没有丢失，如果进攻的效果好，对手重心没了，肯定还是可以勾的#刘辉羽毛球 #羽毛球 #羽毛球教学 @抖音小助手","yes","4251 总结，看对方的重心有没有丢失，如果进攻的效果好，对手重心没了，肯定还是可以勾的#刘辉羽毛球 #羽毛球 #羽毛球教学 @抖音小助手"
"7141200093922790688","https://www.douyin.com/video/7141200093922790688","9243 纠错小课堂2 之准备框架 #羽毛球#羽毛球教学 #羽毛球训练","yes","共创 9243 纠错小课堂2 之准备框架 #羽毛球#羽毛球教学 #羽毛球训练"
"7140089034096839976","https://www.douyin.com/video/7140089034096839976","2.1万 纠错小课堂成立，不定时更新，今天是腿懒三件套#羽毛球 #羽毛球教学 #羽毛球训练 @抖音小助手","yes","共创 2.1万 纠错小课堂成立，不定时更新，今天是腿懒三件套#羽毛球 #羽毛球教学 #羽毛球训练 @抖音小助手"
"7138604160051612969","https://www.douyin.com/video/7138604160051612969","这次时间有限，击球点还得在往前放一点，别扭的地方可以迎刃而解#羽毛球训练 #羽毛球教学 #羽毛球 #刘辉羽毛球 @抖音小助手","yes","2.3万 这次时间有限，击球点还得在往前放一点，别扭的地方可以迎刃而解#羽毛球训练 #羽毛球教学 #羽毛球 #刘辉羽毛球 @抖音小助手"
"7137859788255284520","https://www.douyin.com/video/7137859788255284520","腰腹带动出来的引拍爆发力会更强，力的传导效果会更好#羽毛球 #羽毛球训练 #羽毛球教学 #刘辉羽毛球 @抖音小助手","yes","1.7万 腰腹带动出来的引拍爆发力会更强，力的传导效果会更好#羽毛球 #羽毛球训练 #羽毛球教学 #刘辉羽毛球 @抖音小助手"
"7136376084920012032","https://www.douyin.com/video/7136376084920012032","最难模仿的，是球速，还有身高能打出的落点#羽毛球 #刘辉羽毛球 @抖音小助手","yes","1.9万 最难模仿的，是球速，还有身高能打出的落点#羽毛球 #刘辉羽毛球 @抖音小助手"
"7135262696966065449","https://www.douyin.com/video/7135262696966065449","8397 球王@郑健羽毛球 之帅就完了#羽毛球 #刘辉羽毛球 @抖音小助手","no","共创 8397 球王@郑健羽毛球 之帅就完了#羽毛球 #刘辉羽毛球 @抖音小助手"
"7133777700375792930","https://www.douyin.com/video/7133777700375792930","4398 试试新功能，要是好用，我们哥儿几个就好玩了#羽毛球 #刘辉羽毛球 @郑健羽毛球 @唐威羽毛球 @啥时候开饭","no","共创 4398 试试新功能，要是好用，我们哥儿几个就好玩了#羽毛球 #刘辉羽毛球 @郑健羽毛球 @唐威羽毛球 @啥时候开饭"
"7133406724035185920","https://www.douyin.com/video/7133406724035185920","相同的框架下，一个是锁住，一个是释放#羽毛球教学 #羽毛球 #刘辉羽毛球 @抖音小助手","yes","3976 相同的框架下，一个是锁住，一个是释放#羽毛球教学 #羽毛球 #刘辉羽毛球 @抖音小助手"
"7132666254980074793","https://www.douyin.com/video/7132666254980074793","唐老师@唐威羽毛球 成功加入一拍流#羽毛球 #刘辉羽毛球 #羽毛球杀球 @抖音小助手","yes","2.5万 唐老师@唐威羽毛球 成功加入一拍流#羽毛球 #刘辉羽毛球 #羽毛球杀球 @抖音小助手"
"7131178146023427328","https://www.douyin.com/video/7131178146023427328","训练实录，推球动作一小，搓和勾的威胁就更大了#羽毛球 #羽毛球训练 #羽毛球教学 #刘辉羽毛球 @抖音小助手","yes","8290 训练实录，推球动作一小，搓和勾的威胁就更大了#羽毛球 #羽毛球训练 #羽毛球教学 #刘辉羽毛球 @抖音小助手"
"7130069152592645411","https://www.douyin.com/video/7130069152592645411","边打边看问题随时教，是我们商量好的，不是打到一半我突然职业病发作😂#羽毛球 #刘辉羽毛球 #羽毛球教学 @抖音小助手","yes","5786 边打边看问题随时教，是我们商量好的，不是打到一半我突然职业病发作😂#羽毛球 #刘辉羽毛球 #羽毛球教学 @抖音小助手"
"7129696487956647208","https://www.douyin.com/video/7129696487956647208","胳膊够着打满足不了直线必须有推送动作的条件，面对站在网前等的对手可以勾#羽毛球训练 #羽毛球 #刘辉羽毛球 @抖音小助手","yes","7929 胳膊够着打满足不了直线必须有推送动作的条件，面对站在网前等的对手可以勾#羽毛球训练 #羽毛球 #刘辉羽毛球 @抖音小助手"
"7128211692743363880","https://www.douyin.com/video/7128211692743363880","肯定不会怕斜线，因为斜线会经过我的队友#羽毛球 #刘辉羽毛球 #羽毛球教学 @抖音小助手","yes","5778 肯定不会怕斜线，因为斜线会经过我的队友#羽毛球 #刘辉羽毛球 #羽毛球教学 @抖音小助手"
"7127470220309957923","https://www.douyin.com/video/7127470220309957923","模拟的防守挡斜线随后抢网反击#羽毛球 #刘辉羽毛球 #迈倍力 #羽毛球教学 @抖音小助手","yes","2038 模拟的防守挡斜线随后抢网反击#羽毛球 #刘辉羽毛球 #迈倍力 #羽毛球教学 @抖音小助手"
"7125615679402724623","https://www.douyin.com/video/7125615679402724623","花两分多钟把视频看完，让朋友们不在徘徊#羽毛球 #羽毛球教学 #刘辉羽毛球 @抖音小助手","yes","2.1万 花两分多钟把视频看完，让朋友们不在徘徊#羽毛球 #羽毛球教学 #刘辉羽毛球 @抖音小助手"
"7124871920230632745","https://www.douyin.com/video/7124871920230632745","被偷后场再也不用报警啦#羽毛球 #羽毛球训练 #羽毛球教学 @抖音小助手","yes","3.2万 被偷后场再也不用报警啦#羽毛球 #羽毛球训练 #羽毛球教学 @抖音小助手"
"7123390328643603752","https://www.douyin.com/video/7123390328643603752","总结一句话，对方封直线抽斜线，对方站中间抽直线#羽毛球 #刘辉羽毛球 #羽毛球教学 #羽毛球训练 @抖音小助手","yes","4156 总结一句话，对方封直线抽斜线，对方站中间抽直线#羽毛球 #刘辉羽毛球 #羽毛球教学 #羽毛球训练 @抖音小助手"
"7123016706779401507","https://www.douyin.com/video/7123016706779401507","想看混双我就蔬给你们看，被吊打，就留了些好看的，不然会显得我很呆，施暴者视角@啥时候开饭 @皓憨憨 小姐姐打的很好，很勇敢@糖豆' #刘辉羽毛球 #羽毛球 @抖音小助手","no","5194 想看混双我就蔬给你们看，被吊打，就留了些好看的，不然会显得我很呆，施暴者视角@啥时候开饭 @皓憨憨 小姐姐打的很好，很勇敢@糖豆' #刘辉羽毛球 #羽毛球 @抖音小助手"
"7122277769202896163","https://www.douyin.com/video/7122277769202896163","训练的时候没有带麦，只能配音了，单双打都要有护边意识#羽毛球 #羽毛球训练 #羽毛球教学 #刘辉羽毛球 @抖音小助手","yes","2168 训练的时候没有带麦，只能配音了，单双打都要有护边意识#羽毛球 #羽毛球训练 #羽毛球教学 #刘辉羽毛球 @抖音小助手"
"7120420934355373347","https://www.douyin.com/video/7120420934355373347","我们这么打，能赢一小局我已经知足了😂，以后我都有阴影了@皓憨憨 @啥时候开饭 #刘辉羽毛球 #羽毛球","no","8255 我们这么打，能赢一小局我已经知足了😂，以后我都有阴影了@皓憨憨 @啥时候开饭 #刘辉羽毛球 #羽毛球"
"7119699501337545984","https://www.douyin.com/video/7119699501337545984","最后我实在顶不动了，俩人一顿锤@啥时候开饭 @皓憨憨 #刘辉羽毛球 #羽毛球","no","9939 最后我实在顶不动了，俩人一顿锤@啥时候开饭 @皓憨憨 #刘辉羽毛球 #羽毛球"
"7118192644957818127","https://www.douyin.com/video/7118192644957818127","重劈，注意结束点可不能靠前了，属于本人绝活😉#刘辉羽毛球 #羽毛球训练 #羽毛球教学 #羽毛球 @抖音小助手","yes","9535 重劈，注意结束点可不能靠前了，属于本人绝活😉#刘辉羽毛球 #羽毛球训练 #羽毛球教学 #羽毛球 @抖音小助手"
"7117821949165718824","https://www.douyin.com/video/7117821949165718824","其实接被动球，最稳的就是两条腿尽量在中间留一条腿#刘辉羽毛球 #羽毛球 #羽毛球教学 #羽毛球训练 @抖音小助手","yes","7117 其实接被动球，最稳的就是两条腿尽量在中间留一条腿#刘辉羽毛球 #羽毛球 #羽毛球教学 #羽毛球训练 @抖音小助手"
"7117079751398919465","https://www.douyin.com/video/7117079751398919465","这样也绝对不会膝盖受shang了#刘辉羽毛球 #羽毛球 #羽毛球教学 #羽毛球训练 @抖音小助手","yes","9382 这样也绝对不会膝盖受shang了#刘辉羽毛球 #羽毛球 #羽毛球教学 #羽毛球训练 @抖音小助手"
"7115598014642736424","https://www.douyin.com/video/7115598014642736424","此视频警醒伙伴们，球不落地，拼搏到底，技能使用者@皓憨憨 #刘辉羽毛球 #羽毛球 #羽毛球教学 @抖音小助手","yes","6506 此视频警醒伙伴们，球不落地，拼搏到底，技能使用者@皓憨憨 #刘辉羽毛球 #羽毛球 #羽毛球教学 @抖音小助手"
"7115241358255803683","https://www.douyin.com/video/7115241358255803683","吊球和刹球要相互配合使用，拉扯对手防守的站位，一味的强攻很容易被防反#刘辉羽毛球 #羽毛球 #羽毛球教学 @抖音小助手","yes","1.1万 吊球和刹球要相互配合使用，拉扯对手防守的站位，一味的强攻很容易被防反#刘辉羽毛球 #羽毛球 #羽毛球教学 @抖音小助手"
"7114483272972881193","https://www.douyin.com/video/7114483272972881193","注意把肘往里往下拉也能勾的更贴#刘辉羽毛球 #羽毛球 #羽毛球教学 @抖音小助手","yes","6296 注意把肘往里往下拉也能勾的更贴#刘辉羽毛球 #羽毛球 #羽毛球教学 @抖音小助手"
"7113001319694224655","https://www.douyin.com/video/7113001319694224655","一定先看上集，而且不管什么样的发球一定要有目的性#刘辉羽毛球 #羽毛球 #羽毛球教学 @抖音小助手","yes","7586 一定先看上集，而且不管什么样的发球一定要有目的性#刘辉羽毛球 #羽毛球 #羽毛球教学 @抖音小助手"
"7112628690395106560","https://www.douyin.com/video/7112628690395106560","时间不够，太长了怕做不精细，第一集概念，第二集讲动作#刘辉羽毛球 #羽毛球 #羽毛球教学 @抖音小助手","yes","1.2万 时间不够，太长了怕做不精细，第一集概念，第二集讲动作#刘辉羽毛球 #羽毛球 #羽毛球教学 @抖音小助手"
"7111887264187190528","https://www.douyin.com/video/7111887264187190528","方法一把球放到侧面，方法二改变握拍#刘辉羽毛球 #羽毛球训练 #羽毛球教学 #羽毛球 @抖音小助手","yes","7282 方法一把球放到侧面，方法二改变握拍#刘辉羽毛球 #羽毛球训练 #羽毛球教学 #羽毛球 @抖音小助手"
"7110774325875068195","https://www.douyin.com/video/7110774325875068195","这个是应对平一些的推球，马来步用于高一些能过顶的抓推时使用#刘辉羽毛球 #羽毛球 #迈倍力 #鞋袜喷雾@抖音小助手","no","4351 这个是应对平一些的推球，马来步用于高一些能过顶的抓推时使用#刘辉羽毛球 #羽毛球 #迈倍力 #鞋袜喷雾@抖音小助手"
"7110431174811602191","https://www.douyin.com/video/7110431174811602191","动作有先后，才叫有带动，身体一起动就会失去带动的传导#羽毛球 #刘辉羽毛球 #羽毛球教学 @抖音小助手","yes","8602 动作有先后，才叫有带动，身体一起动就会失去带动的传导#羽毛球 #刘辉羽毛球 #羽毛球教学 @抖音小助手"
"7110033991918554402","https://www.douyin.com/video/7110033991918554402","所以我说我说我打球很猥琐🧐，又让你当了次背景板@皓憨憨 ，#刘辉羽毛球 #羽毛球 #羽毛球教学 @抖音小助手","yes","2.3万 所以我说我说我打球很猥琐🧐，又让你当了次背景板@皓憨憨 ，#刘辉羽毛球 #羽毛球 #羽毛球教学 @抖音小助手"
"7109288333884329231","https://www.douyin.com/video/7109288333884329231","首先要先会反手的发力动作哦#刘辉羽毛球 #羽毛球 #羽毛球训练 #羽毛球教学 @抖音小助手","yes","2.1万 首先要先会反手的发力动作哦#刘辉羽毛球 #羽毛球 #羽毛球训练 #羽毛球教学 @抖音小助手"
"7108916079866465577","https://www.douyin.com/video/7108916079866465577","可千万别再说我的对手弱了，@皓憨憨 ，是我打球比较猥琐，可以去看看他打别人😱#羽毛球 #刘辉羽毛球 @抖音小助手","no","1.1万 可千万别再说我的对手弱了，@皓憨憨 ，是我打球比较猥琐，可以去看看他打别人😱#羽毛球 #刘辉羽毛球 @抖音小助手"
"7107807736670276898","https://www.douyin.com/video/7107807736670276898","岁数大了，老想耍花招，年轻人别学我😂#刘辉羽毛球 #羽毛球 #快乐羽毛球 @抖音小助手","no","1.9万 岁数大了，老想耍花招，年轻人别学我😂#刘辉羽毛球 #羽毛球 #快乐羽毛球 @抖音小助手"
"7106697344128748835","https://www.douyin.com/video/7106697344128748835","中腰球出来，出现轮转的可能性很大#刘辉羽毛球 #羽毛球 #羽毛球教学 #羽毛球训练 @抖音小助手","yes","1.1万 中腰球出来，出现轮转的可能性很大#刘辉羽毛球 #羽毛球 #羽毛球教学 #羽毛球训练 @抖音小助手"
"7106320832892259619","https://www.douyin.com/video/7106320832892259619","宽度选择7.5，松紧可以自己控制#刘辉羽毛球 #羽毛球 #远离伤病 #运动康复 @抖音小助手","no","5585 宽度选择7.5，松紧可以自己控制#刘辉羽毛球 #羽毛球 #远离伤病 #运动康复 @抖音小助手"
"7105205741954321699","https://www.douyin.com/video/7105205741954321699","由于球拍轻量化，羽毛球技术简化的发展。单打真的已经到了半侧身或者少转身的时代了#羽毛球 #刘辉羽毛球 #羽毛球教学 #羽毛球训练 @抖音小助手","yes","3.9万 由于球拍轻量化，羽毛球技术简化的发展。单打真的已经到了半侧身或者少转身的时代了#羽毛球 #刘辉羽毛球 #羽毛球教学 #羽毛球训练 @抖音小助手"
"7104463450562170146","https://www.douyin.com/video/7104463450562170146","发太到位了，鲨的不舒服😔，我就喜欢那种半场的高球😂看我钉不钉就完了#羽毛球 #刘辉羽毛球 @抖音小助手","no","8001 发太到位了，鲨的不舒服😔，我就喜欢那种半场的高球😂看我钉不钉就完了#羽毛球 #刘辉羽毛球 @抖音小助手"
"7103721178195397888","https://www.douyin.com/video/7103721178195397888","弟弟从学校放出来啦@皓憨憨 ，#刘辉羽毛球 #羽毛球 #羽毛球教学 #羽毛球训练 @抖音小助手","yes","8873 弟弟从学校放出来啦@皓憨憨 ，#刘辉羽毛球 #羽毛球 #羽毛球教学 #羽毛球训练 @抖音小助手"
"7102635326803332393","https://www.douyin.com/video/7102635326803332393","向前的挥拍，可以使挥拍的力最高效的发挥#羽毛球 #羽毛球教学 #羽毛球训练 #刘辉羽毛球","yes","6.1万 向前的挥拍，可以使挥拍的力最高效的发挥#羽毛球 #羽毛球教学 #羽毛球训练 #刘辉羽毛球"
"7101123673062378767","https://www.douyin.com/video/7101123673062378767","发力越大，形变越大，高远球有的时候确实不用这样，因为高远球没有用多大的力#羽毛球 #羽毛球教学 #刘辉羽毛球 #羽毛球训练 @抖音小助手","yes","2.9万 发力越大，形变越大，高远球有的时候确实不用这样，因为高远球没有用多大的力#羽毛球 #羽毛球教学 #刘辉羽毛球 #羽毛球训练 @抖音小助手"
"7100011376696888616","https://www.douyin.com/video/7100011376696888616","全员核酸没法录了😂发库存，听说有人想学我这招😉#羽毛球 #刘辉羽毛球 #快乐羽毛球 @抖音小助手","no","4785 全员核酸没法录了😂发库存，听说有人想学我这招😉#羽毛球 #刘辉羽毛球 #快乐羽毛球 @抖音小助手"
"7099644893269839144","https://www.douyin.com/video/7099644893269839144","职业运动员上网因为身体能力强，大部分采用跨步，但是依然每局还是能见到垫步的出现#羽毛球 #刘辉羽毛球 #羽毛球教学 #羽毛球训练 @抖音小助手","yes","6708 职业运动员上网因为身体能力强，大部分采用跨步，但是依然每局还是能见到垫步的出现#羽毛球 #刘辉羽毛球 #羽毛球教学 #羽毛球训练 @抖音小助手"
"7098897570482670888","https://www.douyin.com/video/7098897570482670888","最后有彩蛋，学习顺序，先得会反手的发力，和普通的鲨球，才能学这个#羽毛球 #刘辉羽毛球 #全民健身线上运动会 #羽毛球教学 @抖音小助手","yes","1.5万 最后有彩蛋，学习顺序，先得会反手的发力，和普通的鲨球，才能学这个#羽毛球 #刘辉羽毛球 #全民健身线上运动会 #羽毛球教学 @抖音小助手"
"7098156298415459599","https://www.douyin.com/video/7098156298415459599","教科书动作教不出高手，但是实战动作可以#羽毛球 #羽毛球教学 #刘辉羽毛球 #全民健身线上运动会 @抖音小助手","yes","1.1万 教科书动作教不出高手，但是实战动作可以#羽毛球 #羽毛球教学 #刘辉羽毛球 #全民健身线上运动会 @抖音小助手"
"7097413480747191587","https://www.douyin.com/video/7097413480747191587","正手同样的道理，手指发力进阶版#羽毛球 #羽毛球教学 #羽毛球训练 #刘辉羽毛球 @抖音小助手","yes","7775 正手同样的道理，手指发力进阶版#羽毛球 #羽毛球教学 #羽毛球训练 #刘辉羽毛球 @抖音小助手"
"7097047150479084835","https://www.douyin.com/video/7097047150479084835","手指是末梢的发力，前面还需要很多带动，食指拇指都需要发力，只不过是支撑#羽毛球 #羽毛球训练 #羽毛球教学 #刘辉羽毛球 @抖音小助手","yes","8552 手指是末梢的发力，前面还需要很多带动，食指拇指都需要发力，只不过是支撑#羽毛球 #羽毛球训练 #羽毛球教学 #刘辉羽毛球 @抖音小助手"
"7096301894984846632","https://www.douyin.com/video/7096301894984846632","正手手指发力下集哦#羽毛球 #羽毛球教学 #羽毛球训练 #刘辉羽毛球 @抖音小助手","yes","1.9万 正手手指发力下集哦#羽毛球 #羽毛球教学 #羽毛球训练 #刘辉羽毛球 @抖音小助手"
"7095554075210550528","https://www.douyin.com/video/7095554075210550528","摇摆球对付抢网凶狠的对手，如果对方不抢网就没什么用啦😂#羽毛球 #羽毛球训练 #羽毛球教学 #迈倍力 @抖音小助手","yes","4189 摇摆球对付抢网凶狠的对手，如果对方不抢网就没什么用啦😂#羽毛球 #羽毛球训练 #羽毛球教学 #迈倍力 @抖音小助手"
"7094813761894223139","https://www.douyin.com/video/7094813761894223139","喜欢哪招评论区告诉我，不要怕失误，毕竟输就一球的事，帅是一辈子的事🧐#羽毛球 #羽毛球教学 #刘辉羽毛球 @抖音小助手","yes","6.4万 喜欢哪招评论区告诉我，不要怕失误，毕竟输就一球的事，帅是一辈子的事🧐#羽毛球 #羽毛球教学 #刘辉羽毛球 @抖音小助手"
"7094072057608047913","https://www.douyin.com/video/7094072057608047913","今天本来想拍教学的，但是人手不够😂，内涵一下某地区比赛，大家知道是哪里嘛？#羽毛球 #快乐羽毛球 #刘辉羽毛球 @抖音小助手","yes","2561 今天本来想拍教学的，但是人手不够😂，内涵一下某地区比赛，大家知道是哪里嘛？#羽毛球 #快乐羽毛球 #刘辉羽毛球 @抖音小助手"
"7093706918492917033","https://www.douyin.com/video/7093706918492917033","软压还包括点杀，远网吊球等等#羽毛球 #羽毛球教学 #羽毛球训练 #刘辉羽毛球 @抖音小助手","yes","5578 软压还包括点杀，远网吊球等等#羽毛球 #羽毛球教学 #羽毛球训练 #刘辉羽毛球 @抖音小助手"
"7092959332047785250","https://www.douyin.com/video/7092959332047785250","也不要问为什么不放网，对方远网球这个不可能去钓鱼失误率太高，也不能挡远网，惯性大没办法抓推#羽毛球 #羽毛球教学 #羽毛球训练 #刘辉羽毛球 @抖音小助手","yes","7768 也不要问为什么不放网，对方远网球这个不可能去钓鱼失误率太高，也不能挡远网，惯性大没办法抓推#羽毛球 #羽毛球教学 #羽毛球训练 #刘辉羽毛球 @抖音小助手"
"7092220370400365839","https://www.douyin.com/video/7092220370400365839","昨天太忙了，没时间拍教学了，科普和恶搞一下😂#羽毛球 #刘辉羽毛球 #快乐羽毛球 @抖音小助手","yes","4601 昨天太忙了，没时间拍教学了，科普和恶搞一下😂#羽毛球 #刘辉羽毛球 #快乐羽毛球 @抖音小助手"
"7091844908973067561","https://www.douyin.com/video/7091844908973067561","小细节最容易被忽略，多少人会了动作却用不出来，都是因为还没击球动作已经变形了#羽毛球 #羽毛球教学 #羽毛球训练 #刘辉羽毛球 @抖音小助手","yes","1.5万 小细节最容易被忽略，多少人会了动作却用不出来，都是因为还没击球动作已经变形了#羽毛球 #羽毛球教学 #羽毛球训练 #刘辉羽毛球 @抖音小助手"
"7091101085535915279","https://www.douyin.com/video/7091101085535915279","其实羽毛球技术就在我们生活中，换一种学习方式也是不错的选择#羽毛球 #刘辉羽毛球 #羽毛球教学 @抖音小助手","yes","10.9万 其实羽毛球技术就在我们生活中，换一种学习方式也是不错的选择#羽毛球 #刘辉羽毛球 #羽毛球教学 @抖音小助手"
"7090377448017235234","https://www.douyin.com/video/7090377448017235234","打羽毛球最爽的就是杀球和接杀#羽毛球 #刘辉羽毛球 #羽毛球杀球 @抖音小助手","yes","1.0万 打羽毛球最爽的就是杀球和接杀#羽毛球 #刘辉羽毛球 #羽毛球杀球 @抖音小助手"
"7089632297791671587","https://www.douyin.com/video/7089632297791671587","鏖战两个小时，打的单打线，结尾有彩蛋#羽毛球 #刘辉羽毛球 #羽毛球精彩片段 @抖音小助手","yes","9056 鏖战两个小时，打的单打线，结尾有彩蛋#羽毛球 #刘辉羽毛球 #羽毛球精彩片段 @抖音小助手"
"7088881901209013545","https://www.douyin.com/video/7088881901209013545","我快挑战不过来了😂，麻烦请圈我发教学类的视频谢谢😂#羽毛球 #快乐羽毛球 #刘辉羽毛球 @抖音小助手 @唐威羽毛球","yes","11.1万 我快挑战不过来了😂，麻烦请圈我发教学类的视频谢谢😂#羽毛球 #快乐羽毛球 #刘辉羽毛球 @抖音小助手 @唐威羽毛球"
"7088510866093591808","https://www.douyin.com/video/7088510866093591808","最后一句话很重要，动作不能大，才能有连续性#羽毛球 #羽毛球训练 #羽毛球教学 @抖音小助手","yes","5925 最后一句话很重要，动作不能大，才能有连续性#羽毛球 #羽毛球训练 #羽毛球教学 @抖音小助手"
"7088131899348028687","https://www.douyin.com/video/7088131899348028687","今天没带护膝，不太敢跑，大家见谅😂#羽毛球 #羽毛球训练 #羽毛球教学 @抖音小助手","yes","5599 今天没带护膝，不太敢跑，大家见谅😂#羽毛球 #羽毛球训练 #羽毛球教学 @抖音小助手"
"7087759120761228578","https://www.douyin.com/video/7087759120761228578","快@ 你们的女搭档来学习吧#羽毛球 #羽毛球教学 #羽毛球训练 #羽毛球混双 @抖音小助手","yes","2087 快@ 你们的女搭档来学习吧#羽毛球 #羽毛球教学 #羽毛球训练 #羽毛球混双 @抖音小助手"
"7087020706680048930","https://www.douyin.com/video/7087020706680048930","双拍流在民间已经消失很久了😂，大家@ 喜欢的博主来玩玩啊#羽毛球 #羽毛球教学 #羽毛球训练 @抖音小助手","yes","1.9万 双拍流在民间已经消失很久了😂，大家@ 喜欢的博主来玩玩啊#羽毛球 #羽毛球教学 #羽毛球训练 @抖音小助手"
"7086648517627858176","https://www.douyin.com/video/7086648517627858176","大家除了这两集，还可以结合我置顶的第一个作品看#羽毛球 #羽毛球训练 #羽毛球教学 @抖音小助手","yes","5575 大家除了这两集，还可以结合我置顶的第一个作品看#羽毛球 #羽毛球训练 #羽毛球教学 @抖音小助手"
"7086276287681137961","https://www.douyin.com/video/7086276287681137961","半拳式握拍是发力必备的握拍，没有半拳式，基本出现不了鞭甩，因为大拇指会卡住#羽毛球 #羽毛球教学 #羽毛球训练 @抖音小助手","yes","2.5万 半拳式握拍是发力必备的握拍，没有半拳式，基本出现不了鞭甩，因为大拇指会卡住#羽毛球 #羽毛球教学 #羽毛球训练 @抖音小助手"
"7085903098853592335","https://www.douyin.com/video/7085903098853592335","交作业了😂#羽毛球 #羽毛球训练 #羽毛球教学 @抖音小助手","yes","3012 交作业了😂#羽毛球 #羽毛球训练 #羽毛球教学 @抖音小助手"
"7085529937012165903","https://www.douyin.com/video/7085529937012165903","下次还是你们俩一波儿吧，气氛怪怪的，咱也不敢说话啊😂@打羽毛球的郑老师🏸️🏸️@💗王小仙儿💗 @主场星光路运动中心 #羽毛球 #快乐羽毛球 @抖音小助手","no","3288 下次还是你们俩一波儿吧，气氛怪怪的，咱也不敢说话啊😂@打羽毛球的郑老师🏸️🏸️@💗王小仙儿💗 @主场星光路运动中心 #羽毛球 #快乐羽毛球 @抖音小助手"
"7085169366005714217","https://www.douyin.com/video/7085169366005714217","1 白鞋白胶布2低重心步法回动3低重心步法训练，这是我自创训练#羽毛球 #羽毛球训练 #羽毛球教学 @抖音小助手","yes","4853 1 白鞋白胶布2低重心步法回动3低重心步法训练，这是我自创训练#羽毛球 #羽毛球训练 #羽毛球教学 @抖音小助手"
"7084422988291935523","https://www.douyin.com/video/7084422988291935523","腰腹的使用是小而快的爆发力，不要转的太狠太大#羽毛球 #羽毛球训练 #羽毛球教学 @抖音小助手","yes","8096 腰腹的使用是小而快的爆发力，不要转的太狠太大#羽毛球 #羽毛球训练 #羽毛球教学 @抖音小助手"
"7084050934996815139","https://www.douyin.com/video/7084050934996815139","锋影700中杆适中，3U平衡点292mm，4U平衡点296mm（本人测试的这支），5U平衡点302mm，3U偏专业一些，适合业余男士水平较好的选手，4U推荐业余男士，5U推荐业余女士#羽毛球 #羽毛球装备 #李宁羽毛球 @抖音小助手","no","9806 锋影700中杆适中，3U平衡点292mm，4U平衡点296mm（本人测试的这支），5U平衡点302mm，3U偏专业一些，适合业余男士水平较好的选手，4U推荐业余男士，5U推荐业余女士#羽毛球 #羽毛球装备 #李宁羽毛球 @抖音小助手"
"7083684012513840424","https://www.douyin.com/video/7083684012513840424","各位想在天上飞，得先学会交叉步贴地飞哦😂#羽毛球 #羽毛球教学 #羽毛球训练 @抖音小助手","yes","4343 各位想在天上飞，得先学会交叉步贴地飞哦😂#羽毛球 #羽毛球教学 #羽毛球训练 @抖音小助手"
"7082564138752281896","https://www.douyin.com/video/7082564138752281896","既然朋友们都这么给我面子，想让我完成这个挑战，那我就献丑了👊🏻大家继续喊博主们挑战接力吧#羽毛球 #羽毛球训练 #羽毛球教学","yes","3728 既然朋友们都这么给我面子，想让我完成这个挑战，那我就献丑了👊🏻大家继续喊博主们挑战接力吧#羽毛球 #羽毛球训练 #羽毛球教学"
"7081831033515117865","https://www.douyin.com/video/7081831033515117865","反手不行的来用正手变吧，也很方便，可以从反手直接切换#羽毛球 #羽毛球训练 #羽毛球教学 @抖音小助手","yes","5821 反手不行的来用正手变吧，也很方便，可以从反手直接切换#羽毛球 #羽毛球训练 #羽毛球教学 @抖音小助手"
"7081451189262355747","https://www.douyin.com/video/7081451189262355747","看不清握拍的朋友去看之前发的#羽毛球 #羽毛球教学 #羽毛球训练 @抖音小助手","yes","8858 看不清握拍的朋友去看之前发的#羽毛球 #羽毛球教学 #羽毛球训练 @抖音小助手"
"7080735688819281193","https://www.douyin.com/video/7080735688819281193","别练了今天，研究研究战术吧#羽毛球 #羽毛球训练 #羽毛球教学 @抖音小助手","yes","2.0万 别练了今天，研究研究战术吧#羽毛球 #羽毛球训练 #羽毛球教学 @抖音小助手"
"7080341135545126144","https://www.douyin.com/video/7080341135545126144","羽毛球的魅力不光只有暴力攻防，还有轻巧灵动，拍法退步了，我想练回来，和你们一起进步😘#羽毛球 #羽毛球教学 #羽毛球训练 @抖音小助手","yes","6518 羽毛球的魅力不光只有暴力攻防，还有轻巧灵动，拍法退步了，我想练回来，和你们一起进步😘#羽毛球 #羽毛球教学 #羽毛球训练 @抖音小助手"
"7079966173307194639","https://www.douyin.com/video/7079966173307194639","一定注意扔球高度，和球头的朝向，不是随便扔起来就行，要尽量模拟球从对面飞来，可以先练习抛球，能抛稳了在打#羽毛球 #羽毛球训练 #羽毛球教学 @抖音小助手","yes","3179 一定注意扔球高度，和球头的朝向，不是随便扔起来就行，要尽量模拟球从对面飞来，可以先练习抛球，能抛稳了在打#羽毛球 #羽毛球训练 #羽毛球教学 @抖音小助手"
"7078852452442836224","https://www.douyin.com/video/7078852452442836224","我说握拍千变万化#羽毛球 #羽毛球训练 #羽毛球教学 @抖音小助手","yes","6.6万 我说握拍千变万化#羽毛球 #羽毛球训练 #羽毛球教学 @抖音小助手"
"7078487171803467042","https://www.douyin.com/video/7078487171803467042","总之球必须向我们飞来才有练的价值。不需要网，网前练的就是控球感，练自由使用技术，有面墙就行#羽毛球 #羽毛球教学 #羽毛球训练 @抖音小助手","yes","2495 总之球必须向我们飞来才有练的价值。不需要网，网前练的就是控球感，练自由使用技术，有面墙就行#羽毛球 #羽毛球教学 #羽毛球训练 @抖音小助手"
"7078117752275225891","https://www.douyin.com/video/7078117752275225891","这样练球落点准，而且球头和追球的感觉很真实#羽毛球 #羽毛球教学 #羽毛球训练 @抖音小助手","yes","5177 这样练球落点准，而且球头和追球的感觉很真实#羽毛球 #羽毛球教学 #羽毛球训练 @抖音小助手"
"7077740726926298402","https://www.douyin.com/video/7077740726926298402","各种双打都需要，苍蝇拍压不住被动的球#羽毛球 #羽毛球教学 #羽毛球训练 @抖音小助手","yes","3458 各种双打都需要，苍蝇拍压不住被动的球#羽毛球 #羽毛球教学 #羽毛球训练 @抖音小助手"
"7076997927054495010","https://www.douyin.com/video/7076997927054495010","昨天学基础的，今天学皮的😊#羽毛球 #羽毛球训练 #羽毛球教学 @抖音小助手","yes","1.1万 昨天学基础的，今天学皮的😊#羽毛球 #羽毛球训练 #羽毛球教学 @抖音小助手"
"7076641227025763618","https://www.douyin.com/video/7076641227025763618","别说我我发基础教学了😂#羽毛球 #羽毛球训练 #羽毛球教学 @抖音小助手","yes","5.7万 别说我我发基础教学了😂#羽毛球 #羽毛球训练 #羽毛球教学 @抖音小助手"
"7076257912192060707","https://www.douyin.com/video/7076257912192060707","中路远网球用好了，场地会变小，做球和过渡的时候合理的使用有奇效#羽毛球 #羽毛球训练 #羽毛球教学 @抖音小助手","yes","4944 中路远网球用好了，场地会变小，做球和过渡的时候合理的使用有奇效#羽毛球 #羽毛球训练 #羽毛球教学 @抖音小助手"
"7075515778073709824","https://www.douyin.com/video/7075515778073709824","胯下的就别学了，我怕你们打到自己来找我😂，别问，问就是我在医院#羽毛球 #羽毛球训练 #羽毛球教学 @抖音小助手","yes","6365 胯下的就别学了，我怕你们打到自己来找我😂，别问，问就是我在医院#羽毛球 #羽毛球训练 #羽毛球教学 @抖音小助手"
"7075140710332239119","https://www.douyin.com/video/7075140710332239119","这个比赛里经常见了#羽毛球 #羽毛球训练 #羽毛球教学 @抖音小助手","yes","4645 这个比赛里经常见了#羽毛球 #羽毛球训练 #羽毛球教学 @抖音小助手"
"7074399231259266344","https://www.douyin.com/video/7074399231259266344","双打永远保护好队友的软肋#羽毛球 #羽毛球训练 #羽毛球教学 @抖音小助手","yes","6072 双打永远保护好队友的软肋#羽毛球 #羽毛球训练 #羽毛球教学 @抖音小助手"
"7073657979328826659","https://www.douyin.com/video/7073657979328826659","好久没更新假动作了，换换脑子，一定要看前面的停顿和分球教学，不然学不会这个#羽毛球训练 #羽毛球 #羽毛球教学 @抖音小助手","yes","1.5万 好久没更新假动作了，换换脑子，一定要看前面的停顿和分球教学，不然学不会这个#羽毛球训练 #羽毛球 #羽毛球教学 @抖音小助手"
"7072915842605878528","https://www.douyin.com/video/7072915842605878528","翻滚容易，球毛朝下难哦，太远太快的就不能搓了#羽毛球 #羽毛球训练 #羽毛球教学 @抖音小助手","yes","3640 翻滚容易，球毛朝下难哦，太远太快的就不能搓了#羽毛球 #羽毛球训练 #羽毛球教学 @抖音小助手"
"7072543702161296640","https://www.douyin.com/video/7072543702161296640","双打发球如何争取主动，就是规则高度内能拿多高拿多高，球能拿多前就拿多前😂#羽毛球 #羽毛球教学 #羽毛球训练 @抖音小助手","yes","2195 双打发球如何争取主动，就是规则高度内能拿多高拿多高，球能拿多前就拿多前😂#羽毛球 #羽毛球教学 #羽毛球训练 @抖音小助手"
"7071800926553541922","https://www.douyin.com/video/7071800926553541922","用的双打平搓技术，这不是花活了吧？谁说我双打放网教学里是蒙的来着？😂#羽毛球 #羽毛球教学 #羽毛球训练 @抖音小助手","yes","4700 用的双打平搓技术，这不是花活了吧？谁说我双打放网教学里是蒙的来着？😂#羽毛球 #羽毛球教学 #羽毛球训练 @抖音小助手"
"7071430658584857891","https://www.douyin.com/video/7071430658584857891","蹆打单打还是费劲，大家凑合凑合，15分钟的素材剪成两分钟，找的不一定精彩，但是有技术代表性😂#羽毛球 #羽毛球教学 #羽毛球训练 @抖音小助手 对手@皓憨憨","yes","1.2万 蹆打单打还是费劲，大家凑合凑合，15分钟的素材剪成两分钟，找的不一定精彩，但是有技术代表性😂#羽毛球 #羽毛球教学 #羽毛球训练 @抖音小助手 对手@皓憨憨"
"7071068959021255951","https://www.douyin.com/video/7071068959021255951","学好停顿，可以衔接很多动作哦，而且可以改变比赛的节奏，成为节奏大师👍🏻#羽毛球 #羽毛球教学 #羽毛球训练 @抖音小助手","yes","7982 学好停顿，可以衔接很多动作哦，而且可以改变比赛的节奏，成为节奏大师👍🏻#羽毛球 #羽毛球教学 #羽毛球训练 @抖音小助手"
"7070320753916366095","https://www.douyin.com/video/7070320753916366095","腿伤二次复发后初愈，各位见笑，个人建议技术组合使用比较香😂#羽毛球 #羽毛球教学 #羽毛球训练 @抖音小助手","yes","4420 腿伤二次复发后初愈，各位见笑，个人建议技术组合使用比较香😂#羽毛球 #羽毛球教学 #羽毛球训练 @抖音小助手"
"7069948509838904591","https://www.douyin.com/video/7069948509838904591","大家可以去试一试，不过要确实有需求在折球哦，头像挡住观看落点的话，可以打开评论区观看😂#羽毛球训练 #羽毛球教学 #羽毛球 @抖音小助手","yes","3260 大家可以去试一试，不过要确实有需求在折球哦，头像挡住观看落点的话，可以打开评论区观看😂#羽毛球训练 #羽毛球教学 #羽毛球 @抖音小助手"
"7069575740836023587","https://www.douyin.com/video/7069575740836023587","女双比赛里基本都是这样杀，击球的瞬间要比脚落地早一点，“基本”同时#羽毛球 #羽毛球教学 #羽毛球训练 @抖音小助手","yes","2.2万 女双比赛里基本都是这样杀，击球的瞬间要比脚落地早一点，“基本”同时#羽毛球 #羽毛球教学 #羽毛球训练 @抖音小助手"
"7068835198938516777","https://www.douyin.com/video/7068835198938516777","使用能力要求跳杀＞单脚跳杀＞剪式跳＞遁地炮＞定杀；杀球威力跳杀＞遁地炮＞剪式跳＞单脚跳杀＞定杀，大家想学哪个留言#羽毛球教学 #羽毛球 #羽毛球训练 @抖音小助手","yes","1.7万 使用能力要求跳杀＞单脚跳杀＞剪式跳＞遁地炮＞定杀；杀球威力跳杀＞遁地炮＞剪式跳＞单脚跳杀＞定杀，大家想学哪个留言#羽毛球教学 #羽毛球 #羽毛球训练 @抖音小助手"
"7068465954270792994","https://www.douyin.com/video/7068465954270792994","A字霸王杀终于出来了，大家要灵活作用技术，不要唯一#羽毛球 #羽毛球教学 #羽毛球训练 @抖音小助手","yes","7410 A字霸王杀终于出来了，大家要灵活作用技术，不要唯一#羽毛球 #羽毛球教学 #羽毛球训练 @抖音小助手"
"7068092085533953315","https://www.douyin.com/video/7068092085533953315","看完这两集，再看我下集如何把它们合体，成为A字霸王杀，也会讲到收拍和半程旋转卸力的细节#羽毛球 #羽毛球训练 #羽毛球教学 @抖音小助手 @唐威羽毛球","yes","1.9万 看完这两集，再看我下集如何把它们合体，成为A字霸王杀，也会讲到收拍和半程旋转卸力的细节#羽毛球 #羽毛球训练 #羽毛球教学 @抖音小助手 @唐威羽毛球"
"7067722128413543680","https://www.douyin.com/video/7067722128413543680","一定要3集看完再去练啊😂霸王杀就是尽可能的让动作最高效，爆发力最大化，出手快动作小，易衔接，重心摇摆小等特点，注意从引拍到击球为旋转发力，击球到动作结束为旋转卸力#羽毛球 #羽毛球训练 #羽毛球教学 @抖音小助手","yes","2.3万 一定要3集看完再去练啊😂霸王杀就是尽可能的让动作最高效，爆发力最大化，出手快动作小，易衔接，重心摇摆小等特点，注意从引拍到击球为旋转发力，击球到动作结束为旋转卸力#羽毛球 #羽毛球训练 #羽毛球教学 @抖音小助手"
"7066977429230718223","https://www.douyin.com/video/7066977429230718223","花活儿第二集加A字霸王杀， 又浪又硬，羽毛球我是真的爱😂#羽毛球 #羽毛球训练 #羽毛球教学 @抖音小助手","yes","2.2万 花活儿第二集加A字霸王杀， 又浪又硬，羽毛球我是真的爱😂#羽毛球 #羽毛球训练 #羽毛球教学 @抖音小助手"
"7066596981992394025","https://www.douyin.com/video/7066596981992394025","双打分边后注意保护封住边线平高球#羽毛球训练 #羽毛球 #羽毛球教学","yes","2604 双打分边后注意保护封住边线平高球#羽毛球训练 #羽毛球 #羽毛球教学"
"7065871561915485440","https://www.douyin.com/video/7065871561915485440","双打中分完注意封直线，最后一个球大家帮忙看看，有没有压到外线#羽毛球训练 #羽毛球教学 #羽毛球 @抖音小助手","yes","2663 双打中分完注意封直线，最后一个球大家帮忙看看，有没有压到外线#羽毛球训练 #羽毛球教学 #羽毛球 @抖音小助手"
"7065491791167999232","https://www.douyin.com/video/7065491791167999232","挥拍路径向斜下方就是保证球尽可能的会平，任何网前高位都可以用，球平行过网了注意抓对手推球#羽毛球训练 #羽毛球教学 #羽毛球 @抖音小助手","yes","2890 挥拍路径向斜下方就是保证球尽可能的会平，任何网前高位都可以用，球平行过网了注意抓对手推球#羽毛球训练 #羽毛球教学 #羽毛球 @抖音小助手"
"7065157571816000809","https://www.douyin.com/video/7065157571816000809","今天偷懒，晚上见，发个没音乐的，纯粹目的杀上网就是交叉步，#羽毛球训练 #羽毛球 #羽毛球教学 @抖音小助手","yes","2913 今天偷懒，晚上见，发个没音乐的，纯粹目的杀上网就是交叉步，#羽毛球训练 #羽毛球 #羽毛球教学 @抖音小助手"
"7064753436809514281","https://www.douyin.com/video/7064753436809514281","发个老库存，垫步和并步都接双脚起跳的合适步法#羽毛球 #羽毛球教学 #羽毛球训练 @抖音小助手","yes","3668 发个老库存，垫步和并步都接双脚起跳的合适步法#羽毛球 #羽毛球教学 #羽毛球训练 @抖音小助手"
"7064372942880148777","https://www.douyin.com/video/7064372942880148777","这个实战很行，击球点在额头前或上一个头的位置#羽毛球训练 #羽毛球 #羽毛球教学 @抖音小助手","yes","1.4万 这个实战很行，击球点在额头前或上一个头的位置#羽毛球训练 #羽毛球 #羽毛球教学 @抖音小助手"
"7064010057020673314","https://www.douyin.com/video/7064010057020673314","身前位勾球，和侧身位的勾球不一样，正手也存在变拍，只不过没反手那么需要#羽毛球 #羽毛球训练 #羽毛球教学 @抖音小助手","yes","7819 身前位勾球，和侧身位的勾球不一样，正手也存在变拍，只不过没反手那么需要#羽毛球 #羽毛球训练 #羽毛球教学 @抖音小助手"
"7063638911301520680","https://www.douyin.com/video/7063638911301520680","打这个球一定要注意对手网前球员的站位，站中间的时候一定不要用#羽毛球 #羽毛球训练 #羽毛球教学 @抖音小助手","yes","1.6万 打这个球一定要注意对手网前球员的站位，站中间的时候一定不要用#羽毛球 #羽毛球训练 #羽毛球教学 @抖音小助手"
"7063280271403060520","https://www.douyin.com/video/7063280271403060520","先学第一种，完了再进阶动作，#羽毛球 #羽毛球训练 #羽毛球教学 @抖音小助手","yes","2187 先学第一种，完了再进阶动作，#羽毛球 #羽毛球训练 #羽毛球教学 @抖音小助手"
"7062570553936268559","https://www.douyin.com/video/7062570553936268559","羽毛球就是投掷传导发力，今天别看假动作了，看点真的吧😄#羽毛球 #羽毛球教学 #羽毛球训练","yes","3063 羽毛球就是投掷传导发力，今天别看假动作了，看点真的吧😄#羽毛球 #羽毛球教学 #羽毛球训练"
"7062171437569805609","https://www.douyin.com/video/7062171437569805609","同水平对抗慎重使用。对方网前球员站中线时死活不要用😂#羽毛球训练 #羽毛球 #羽毛球教学 @抖音小助手","yes","4667 同水平对抗慎重使用。对方网前球员站中线时死活不要用😂#羽毛球训练 #羽毛球 #羽毛球教学 @抖音小助手"
"7061422431386324264","https://www.douyin.com/video/7061422431386324264","假动作可以不用，但是不能不会哦，要不拿什么耍帅😂，喜欢的留言直播间带走#羽毛球 #羽毛球训练 #羽毛球教学","yes","17.0万 假动作可以不用，但是不能不会哦，要不拿什么耍帅😂，喜欢的留言直播间带走#羽毛球 #羽毛球训练 #羽毛球教学"
"7060717442825309480","https://www.douyin.com/video/7060717442825309480","反手动作不唯一，但是这种好上手，击球点在转过去的身前外侧#羽毛球 #羽毛球教学 #羽毛球训练 @抖音小助手","yes","2352 反手动作不唯一，但是这种好上手，击球点在转过去的身前外侧#羽毛球 #羽毛球教学 #羽毛球训练 @抖音小助手"
"7059927286186822946","https://www.douyin.com/video/7059927286186822946","不熟练的大拇指定正面，熟练后可以顶斜棱，释放更多的角度#羽毛球 #羽毛球教学 #羽毛球训练 @抖音小助手","yes","4181 不熟练的大拇指定正面，熟练后可以顶斜棱，释放更多的角度#羽毛球 #羽毛球教学 #羽毛球训练 @抖音小助手"
"7059589039694957864","https://www.douyin.com/video/7059589039694957864","并不是说一定要一步回位。而是体现向左回动，左脚的重要性#羽毛球 #羽毛球教学 #羽毛球训练 @抖音小助手","yes","1771 并不是说一定要一步回位。而是体现向左回动，左脚的重要性#羽毛球 #羽毛球教学 #羽毛球训练 @抖音小助手"
"7059205903639121187","https://www.douyin.com/video/7059205903639121187","小孩子和球友正手位大距离位移打高远球，前交叉步的要求更高，后交叉容易，距离相近#羽毛球 #羽毛球训练 #羽毛球教学 @抖音小助手","yes","2765 小孩子和球友正手位大距离位移打高远球，前交叉步的要求更高，后交叉容易，距离相近#羽毛球 #羽毛球训练 #羽毛球教学 @抖音小助手"
"7058464382786784547","https://www.douyin.com/video/7058464382786784547","视频后面有慢动作和细节文字讲解#羽毛球 #羽毛球训练 #快乐羽毛球 @抖音小助手","yes","3994 视频后面有慢动作和细节文字讲解#羽毛球 #羽毛球训练 #快乐羽毛球 @抖音小助手"
"7057722299855801641","https://www.douyin.com/video/7057722299855801641","学会腰腹带动后，反而是肩伤的高发期，充分的开肩扩胸架拍可减少受伤的概率#羽毛球 #羽毛球训练 #羽毛球教学 @抖音小助手","yes","6808 学会腰腹带动后，反而是肩伤的高发期，充分的开肩扩胸架拍可减少受伤的概率#羽毛球 #羽毛球训练 #羽毛球教学 @抖音小助手"
"7056953556531809547","https://www.douyin.com/video/7056953556531809547","帅气的捡球动作，可以让你输的更体面😂#羽毛球 #羽毛球教学 #羽毛球训练 @抖音小助手","yes","3990 帅气的捡球动作，可以让你输的更体面😂#羽毛球 #羽毛球教学 #羽毛球训练 @抖音小助手"
"7056596925721726220","https://www.douyin.com/video/7056596925721726220","第二个抽球把箱子打穿了哦，推荐李宁最新n68线，兼顾声音，弹性耐打，爱了，即将上市了#羽毛球 #羽毛球教学 #羽毛球训练 @抖音小助手","yes","2.1万 第二个抽球把箱子打穿了哦，推荐李宁最新n68线，兼顾声音，弹性耐打，爱了，即将上市了#羽毛球 #羽毛球教学 #羽毛球训练 @抖音小助手"
"7056244399390412064","https://www.douyin.com/video/7056244399390412064","分解步法种类繁多，这是练启动有代表性的，一轮一口气做完，做3组。我肯定是没做到10秒钟，要不视频太长😓#羽毛球 #羽毛球教学 #羽毛球训练 @抖音小助手","yes","1.2万 分解步法种类繁多，这是练启动有代表性的，一轮一口气做完，做3组。我肯定是没做到10秒钟，要不视频太长😓#羽毛球 #羽毛球教学 #羽毛球训练 @抖音小助手"
"7055859367005949187","https://www.douyin.com/video/7055859367005949187","反手高远忘记瞄边了，无视落点😂，技术入门介绍结束，后面会做更细致的教学，粉丝群499184449764#羽毛球 #羽毛球训练 #羽毛球教学 @抖音小助手","yes","5797 反手高远忘记瞄边了，无视落点😂，技术入门介绍结束，后面会做更细致的教学，粉丝群499184449764#羽毛球 #羽毛球训练 #羽毛球教学 @抖音小助手"
"7055491154288102667","https://www.douyin.com/video/7055491154288102667","注意击球点要在起跳的高点击，而不是向上的过程中，45度起跳是更容易的起跳杀球，视频中的侧身跳杀对身体要求更多，腿有伤，大家忽略高度😂#羽毛球 #羽毛球教学 #羽毛球训练 @抖音小助手","yes","1.9万 注意击球点要在起跳的高点击，而不是向上的过程中，45度起跳是更容易的起跳杀球，视频中的侧身跳杀对身体要求更多，腿有伤，大家忽略高度😂#羽毛球 #羽毛球教学 #羽毛球训练 @抖音小助手"
"7055130343476710667","https://www.douyin.com/video/7055130343476710667","一定要看过上集再看下集啊朋友们#羽毛球 #羽毛球教学 #羽毛球训练 @抖音小助手","yes","3393 一定要看过上集再看下集啊朋友们#羽毛球 #羽毛球教学 #羽毛球训练 @抖音小助手"
"7054786188086955276","https://www.douyin.com/video/7054786188086955276","网前近网高位，早上很冷，请无视插兜😂，更细的教学后面或者直播间出#羽毛球教学 #羽毛球 #羽毛球训练 @抖音小助手","yes","1768 网前近网高位，早上很冷，请无视插兜😂，更细的教学后面或者直播间出#羽毛球教学 #羽毛球 #羽毛球训练 @抖音小助手"
"7054395778814561575","https://www.douyin.com/video/7054395778814561575","做两期前后场一致性的视频，你们知道用的都是那种技术嘛？后面有入门讲解，教学后期出，或者直播的时候讲吧，东西太多了，下期网前#羽毛球 #羽毛球教学 #羽毛球训练 @抖音小助手","yes","1.0万 做两期前后场一致性的视频，你们知道用的都是那种技术嘛？后面有入门讲解，教学后期出，或者直播的时候讲吧，东西太多了，下期网前#羽毛球 #羽毛球教学 #羽毛球训练 @抖音小助手"
"7054025391601650948","https://www.douyin.com/video/7054025391601650948","双打一般情况下的防守上集，手指破了，挥速慢，望谅解#羽毛球教学 #羽毛球训练 #羽毛球 @抖音小助手","yes","3198 双打一般情况下的防守上集，手指破了，挥速慢，望谅解#羽毛球教学 #羽毛球训练 #羽毛球 @抖音小助手"
"7053654124042194215","https://www.douyin.com/video/7053654124042194215","羽毛球握拍千变万化，随机应变，只是握拍，动作上面的后期会出#羽毛球教学 #羽毛球 #羽毛球训练 @抖音小助手","yes","2384 羽毛球握拍千变万化，随机应变，只是握拍，动作上面的后期会出#羽毛球教学 #羽毛球 #羽毛球训练 @抖音小助手"
"7053637734749031691","https://www.douyin.com/video/7053637734749031691","羽毛球握拍千变万化，随机应变，只是握拍的介绍，动作后面会出，有球示范已发#羽毛球教学 #羽毛球 #羽毛球训练 @抖音小助手","yes","2168 羽毛球握拍千变万化，随机应变，只是握拍的介绍，动作后面会出，有球示范已发#羽毛球教学 #羽毛球 #羽毛球训练 @抖音小助手"
"7053234542290668811","https://www.douyin.com/video/7053234542290668811","羽毛球的握拍千变万化，随机应变，下期出动作及延伸#羽毛球 #羽毛球教学 #羽毛球训练 @抖音小助手","yes","6828 羽毛球的握拍千变万化，随机应变，下期出动作及延伸#羽毛球 #羽毛球教学 #羽毛球训练 @抖音小助手"
"7053016126262988064","https://www.douyin.com/video/7053016126262988064","后场发力后续集，全程挥拍和半程都是对的，使用时机不同#羽毛球 #羽毛球教学 #羽毛球训练 @抖音小助手","yes","5443 后场发力后续集，全程挥拍和半程都是对的，使用时机不同#羽毛球 #羽毛球教学 #羽毛球训练 @抖音小助手"
"7052912740955999499","https://www.douyin.com/video/7052912740955999499","反手负角度勾球，拇指食指捏住球拍两侧窄面，未来3期视频讲变拍#羽毛球 #羽毛球教学 #羽毛球训练 @抖音小助手","yes","7212 反手负角度勾球，拇指食指捏住球拍两侧窄面，未来3期视频讲变拍#羽毛球 #羽毛球教学 #羽毛球训练 @抖音小助手"
"7052600326116887812","https://www.douyin.com/video/7052600326116887812","00:00 / 00:47 后场发力下集，由下到上一步一步带动全身协调发力，发力为外旋，不会伤手腕，伤手腕说明没外旋#羽毛球 #羽毛球教学 #羽毛球训练 @抖音小助手","yes","3418 00:00 / 00:47 后场发力下集，由下到上一步一步带动全身协调发力，发力为外旋，不会伤手腕，伤手腕说明没外旋#羽毛球 #羽毛球教学 #羽毛球训练 @抖音小助手"
"7052519937125911846","https://www.douyin.com/video/7052519937125911846","技术简化的时代，要跟上技术发展的进程#羽毛球 #羽毛球教学 #羽毛球训练 @抖音小助手","yes","1.0万 技术简化的时代，要跟上技术发展的进程#羽毛球 #羽毛球教学 #羽毛球训练 @抖音小助手"
"7052252250189696267","https://www.douyin.com/video/7052252250189696267","接上期的第二集，不同的位置选择不同的搓球技术#羽毛球教学 #日常训练 #羽毛球训练 @抖音小助手","yes","4336 接上期的第二集，不同的位置选择不同的搓球技术#羽毛球教学 #日常训练 #羽毛球训练 @抖音小助手"
"7052148706681883907","https://www.douyin.com/video/7052148706681883907","搓球的方向很重要，网前搓球第一集#羽毛球 #羽毛球训练 #羽毛球教学 @抖音小助手","yes","9817 搓球的方向很重要，网前搓球第一集#羽毛球 #羽毛球训练 #羽毛球教学 @抖音小助手"
